keyword	volume	best_position	best_position_prev	best_position_url	serp_features	serp_features_prev	sum_traffic	sum_traffic_prev
evye	18000	6	7	https://www.vitra.com.tr/ilham-veren-fikirler/en-kullanisli-evye-hangisi/	question,local_pack,video	sitelink	561	631
mutfak modelleri	11000	1		https://www.vitra.com.tr/ilham-veren-fikirler/mutfak-dekorasyonu-nasil-yapilir/	image		473	
mutfak evyesi	10000	7		https://www.vitra.com.tr/ilham-veren-fikirler/en-kullanisli-evye-hangisi/	image_th,image,ai_overview,question		91	
vitra klozet	9000	4	71	https://www.vitra.com.tr/ilham-veren-fikirler/klozet-secim-rehberi-ve-tavsiyeler/	image_th	sitelink,image_th,video_th	116	0
armatür	9000	1	11	https://www.vitra.com.tr/ilham-veren-fikirler/armatur-nedir/	image,question,image_th,local_pack	image_th,question,sitelink,video_th	80	29
armatör nedir	8400	4		https://www.vitra.com.tr/ilham-veren-fikirler/armatur-nedir/	ai_overview,image_th,question,image,video		15	
vitra gömme rezervuar	8100	5	7	https://www.vitra.com.tr/ilham-veren-fikirler/gomme-rezervuar-montaji-nasil-yapilir/	image_th,image,question	sitelink	9	1
klozet ölçüleri	4800	1	2	https://www.vitra.com.tr/ilham-veren-fikirler/klozet-secim-rehberi-ve-tavsiyeler/	ai_overview,image_th,image,question	question,image_th,sitelink	24	403
mutfak lavabosu	4200	7		https://www.vitra.com.tr/ilham-veren-fikirler/en-kullanisli-evye-hangisi/	image_th,paid_bottom		72	
duşakabin temizliği	3900	1	1	https://www.vitra.com.tr/ilham-veren-fikirler/dusakabin-temizligi-nasil-yapilir/	ai_overview,image_th,question,video_th,image	snippet,image_th,question,video_th	281	663
bidet	3300	7		https://www.vitra.com.tr/ilham-veren-fikirler/bide-nedir/	knowledge_card,question,image_th,ai_overview,video_th		16	
gömme klozet	3300	21		https://www.vitra.com.tr/ilham-veren-fikirler/gomme-rezervuar-montaji-nasil-yapilir/	image_th,question,video_th,paid_bottom,paid_sitelink		3	
armatür nedir	3000	1	1	https://www.vitra.com.tr/ilham-veren-fikirler/armatur-nedir/	ai_overview,image_th,question,video_th	question,image_th,video_th,knowledge_panel	245	346
ahşap görünümlü seramik	3000	5	3	https://www.vitra.com.tr/ilham-veren-fikirler/ahsap-gorunumlu-seramik-modelleri/	video_th,question	image_th,video_th	210	475
klozet kapağı nasıl takılır	2900	2	5	https://www.vitra.com.tr/ilham-veren-fikirler/klozet-kapagi-montaji-nasil-yapilir/	video,question,video_th,sitelink	video_th,question,paid_bottom	456	12
ebeveyn banyosu	2800	8	5	https://www.vitra.com.tr/ilham-veren-fikirler/ebeveyn-banyosu-dekorasyon-onerileri/	ai_overview,image_th,image,question,video,video_th	question,image_th,video_th	16	59
lüks banyo fayans modelleri	2600	11		https://www.vitra.com.tr/ilham-veren-fikirler/banyo-seramik-secimi-ve-tavsiyeler/	image,question,video,video_th,ai_overview,image_th		165	
bide	2500	10	2	https://www.vitra.com.tr/ilham-veren-fikirler/bide-nedir/	ai_overview,image_th,video,question	sitelink,question,image_th,video_th,knowledge_panel	22	107
banyo lambası	2400	25		https://www.vitra.com.tr/ilham-veren-fikirler/banyo-aydinlatmasi-ve-led-ayna-secimi	question,image_th,paid_bottom,video_th,paid_sitelink		1	
mutfak lavabo modelleri	2400	7	8	https://www.vitra.com.tr/ilham-veren-fikirler/en-kullanisli-evye-hangisi/	question	image_th	68	79
bide nedir	2100	1	1	https://www.vitra.com.tr/ilham-veren-fikirler/bide-nedir/	ai_overview,image_th,question,video	image_th,question,sitelink,knowledge_panel	234	295
modern banyo tasarımları	2100	6		https://www.vitra.com.tr/ilham-veren-fikirler/banyo-dekorasyonu-fikirleri/	image_th,question,video_th		69	
banyo dekorasyonu	2100	4	17	https://www.vitra.com.tr/ilham-veren-fikirler/banyo-dekorasyonu-fikirleri/	question,video_th	image_th,question,video_th	71	0
banyo dekorasyon fikirleri	2000	3	3	https://www.vitra.com.tr/ilham-veren-fikirler/banyo-dekorasyonu-fikirleri/	video,question,video_th	image_th	104	153
vitrifiye nedir	2000	1	1	https://www.vitra.com.tr/ilham-veren-fikirler/vitrifiye-urun-gruplari-nelerdir/	ai_overview,image_th,question,video_th	snippet,question,image_th	622	759
en kullanışlı mutfak evyesi	2000	5	2	https://www.vitra.com.tr/ilham-veren-fikirler/en-kullanisli-evye-hangisi/	question,image_th,ai_overview,paid_bottom,video_th	paid_top,question,image_th,sitelink,video_th,paid_bottom,paid_sitelink	165	274
gömme klozet su kaçırıyorsa çok basit tamiri	1900	4	2	https://www.vitra.com.tr/ilham-veren-fikirler/gomme-rezervuar-tamiri/	video_th,question,ai_overview,image_th	video_th,question,sitelink	214	292
mutfak tasarımları	1900	1		https://www.vitra.com.tr/ilham-veren-fikirler/mutfak-dekorasyonu-nasil-yapilir/	image,image_th,video,question		31	
lavabo ölçüleri	1900	13		https://www.vitra.com.tr/ilham-veren-fikirler/lavabo-secim-rehberi-ve-tavsiyeler/	question,image_th,ai_overview,video_th		7	
vitrifiye	1900	18	1	https://www.vitra.com.tr/ilham-veren-fikirler/vitrifiye-urun-gruplari-nelerdir/	question,local_pack,image_th,video_th	question,image_th,video_th	4	96
kanalsız klozet	1800	5	8	https://www.vitra.com.tr/ilham-veren-fikirler/kanalsiz-klozet-nedir-ve-nasil-calisir/	image_th,question,ai_overview,video_th	paid_top,question,image_th,paid_bottom,paid_sitelink	143	47
en kullanışlı banyo lavabosu	1600	1	7	https://www.vitra.com.tr/ilham-veren-fikirler/dikkat-cekici-surdurulebilir-secenekler-lavabo-trendleri/	image,image_th,question	sitelink,image_th,question,video_th,paid_bottom,paid_sitelink	14	79
klozet çeşitleri	1600	5		https://www.vitra.com.tr/ilham-veren-fikirler/klozet-secim-rehberi-ve-tavsiyeler/	image_th,question,ai_overview,video_th,paid_bottom,paid_sitelink		86	
engelli tuvaleti	1600	13		https://www.vitra.com.tr/ilham-veren-fikirler/herkes-icin-tasarim/	question,ai_overview,image_th,video_th		7	
niş modelleri	1600	5	5	https://www.vitra.com.tr/ilham-veren-fikirler/banyo-nis-modelleri-ve-dekorasyonu/	question,image_th	question	4	5
mutfak evye	1500	5	17	https://www.vitra.com.tr/ilham-veren-fikirler/en-kullanisli-evye-hangisi/	question,video_th	image_th,video_th	97	10
vitra banyo	1500	22		https://www.vitra.com.tr/ilham-veren-fikirler/banyo-tasarimi-ve-uygulama/	local_pack,question,image_th		0	
banyo niş	1500	4	3	https://www.vitra.com.tr/ilham-veren-fikirler/banyo-nis-modelleri-ve-dekorasyonu/	question,image_th,video_th	image_th,video_th,question,paid_bottom,paid_sitelink	126	170
gömme rezervuar ölçüleri	1500	6		https://www.vitra.com.tr/ilham-veren-fikirler/gomme-rezervuar-montaji-nasil-yapilir/	question,video,image_th,video_th,paid_bottom		36	
duşakabin nasıl temizlenir	1300	1	1	https://www.vitra.com.tr/ilham-veren-fikirler/dusakabin-temizligi-nasil-yapilir/	ai_overview,image_th,video_th,question	snippet,image_th,question,video_th	270	455
en kullanışlı evye modelleri	1300	2		https://www.vitra.com.tr/ilham-veren-fikirler/en-kullanisli-evye-hangisi/	question,image_th,video,ai_overview,video_th,paid_bottom		123	
rezervuar nedir	1300	1	3	https://www.vitra.com.tr/ilham-veren-fikirler/rezervuar-nedir/	ai_overview,image_th,question,image,sitelink	knowledge_card,question,image_th,knowledge_panel	12	42
bidet nedir	1200	1	1	https://www.vitra.com.tr/ilham-veren-fikirler/bide-nedir/	ai_overview,image_th,question,video_th	image_th,question,knowledge_panel,video_th	64	239
banyo yenileme	1200	5	17	https://www.vitra.com.tr/ilham-veren-fikirler/banyo-yenileme-sureci-nasil-olmalidir/	video,question,local_pack,image_th	image_th,question,video_th	89	6
vitra karo	1200	24	91	https://www.vitra.com.tr/ilham-veren-fikirler/karo-nedir-karo-seramik-nerelerde-kullanilir/	sitelink,question,image_th	sitelink,image_th,knowledge_panel,question,video_th	0	0
ahşap görünümlü fayans	1200	6	1	https://www.vitra.com.tr/ilham-veren-fikirler/ahsap-gorunumlu-seramik-modelleri/	video_th,question,paid_bottom,image_th	image_th,question,video_th	42	329
evye nedir	1100	5	9	https://www.vitra.com.tr/ilham-veren-fikirler/en-kullanisli-evye-hangisi/	ai_overview,image_th,question,video_th	question,image_th,knowledge_panel,video_th	31	15
banyo niş modelleri	1100	3	3	https://www.vitra.com.tr/ilham-veren-fikirler/banyo-nis-modelleri-ve-dekorasyonu/	question,image_th,video_th	image_th,question,video_th	124	141
klozet montajı	1100	2		https://www.vitra.com.tr/ilham-veren-fikirler/klozet-montaji-nasil-yapilir	video,image,video_th,question,ai_overview,image_th		60	
seramik karo	1100	1	12	https://www.vitra.com.tr/ilham-veren-fikirler/karo-nedir-karo-seramik-nerelerde-kullanilir/	ai_overview,image_th,question,video_th	sitelink,image_th,video_th,paid_bottom	23	10
en kullanışlı evye hangisi	1100	1	1	https://www.vitra.com.tr/ilham-veren-fikirler/en-kullanisli-evye-hangisi/	ai_overview,image_th,question,paid_bottom,paid_sitelink,video_th	snippet,question,video_th,sitelink	163	311
asma klozet ölçüleri	1100	3		https://www.vitra.com.tr/ilham-veren-fikirler/klozet-secim-rehberi-ve-tavsiyeler/	question,image_th,ai_overview,video_th		10	
küvetli duşakabin	1100	8		https://www.vitra.com.tr/ilham-veren-fikirler/kuvet-mi-dusakabin-mi-secim-rehberi	image_th,question,paid_bottom,paid_sitelink,video_th		32	
klozet kapağı nasıl sökülür	1000	8		https://www.vitra.com.tr/ilham-veren-fikirler/klozet-kapagi-montaji-nasil-yapilir/	video_th,sitelink		37	
gömme rezervuar tamiri	1000	3	3	https://www.vitra.com.tr/ilham-veren-fikirler/gomme-rezervuar-tamiri/	video,question,image,video_th	video_th,question,image_th	20	14
mutfak dekorasyon fikirleri	1000	16		https://www.vitra.com.tr/ilham-veren-fikirler/mutfak-dekorasyonu-nasil-yapilir/	question,image_th,video_th		5	
çelik evye	1000	8		https://www.vitra.com.tr/ilham-veren-fikirler/en-kullanisli-evye-hangisi/	image_th,question,video_th		24	
lavabo evyesi	900	4		https://www.vitra.com.tr/ilham-veren-fikirler/en-kullanisli-evye-hangisi/	image_th,ai_overview,paid_bottom		44	
klozet su deposu	900	30		https://www.vitra.com.tr/ilham-veren-fikirler/rezervuar-nedir/	image_th,question,ai_overview,video_th		0	
banyo dizaynı	900	3	2	https://www.vitra.com.tr/ilham-veren-fikirler/banyo-dekorasyonu-fikirleri/	video_th,paid_bottom	paid_top,image_th,paid_bottom,paid_sitelink	64	80
karo seramik	900	12	9	https://www.vitra.com.tr/ilham-veren-fikirler/karo-nedir-karo-seramik-nerelerde-kullanilir/	local_pack,question,image_th,video_th	sitelink,image_th,video_th	10	24
mutfak lavabo	900	7	10	https://www.vitra.com.tr/ilham-veren-fikirler/en-kullanisli-evye-hangisi/	image_th,video,question	image_th,video_th	23	18
banyo örnekleri	900	20		https://www.vitra.com.tr/ilham-veren-fikirler/banyo-dekorasyonu-fikirleri/	video_th,question,image_th		1	
mutfak dizaynı	900	10	10	https://www.vitra.com.tr/ilham-veren-fikirler/mutfak-dekorasyonu-nasil-yapilir/	question,image_th	image_th,sitelink,video_th	11	16
ahşap görünümlü seramik m2 fiyatları	900	10		https://www.vitra.com.tr/ilham-veren-fikirler/ahsap-gorunumlu-seramik-modelleri/	ai_overview,image_th,question,paid_bottom,paid_sitelink,video_th		18	
banyo tasarımı	900	1	2	https://www.vitra.com.tr/ilham-veren-fikirler/banyo-tasarimi-ve-uygulama/	image_th,video_th,question,paid_bottom	image_th,video_th	224	124
eski tip klozet kapağı nasıl takılır	800	4	9	https://www.vitra.com.tr/ilham-veren-fikirler/klozet-kapagi-montaji-nasil-yapilir/	video_th,question,sitelink	video_th,question,sitelink	66	24
eklektik nedir	800	9		https://www.vitra.com.tr/ilham-veren-fikirler/eklektik-banyo/	ai_overview,image_th,question,video_th		1	
gömme rezervuar montajı	800	2	3	https://www.vitra.com.tr/ilham-veren-fikirler/gomme-rezervuar-montaji-nasil-yapilir/	video_th,question	video_th	46	53
dar ebeveyn banyosu	800	6	4	https://www.vitra.com.tr/ilham-veren-fikirler/ebeveyn-banyosu-dekorasyon-onerileri/	question,image_th,video,ai_overview,video_th	question,image_th,video_th	36	80
modern banyo banyo niş modelleri	700	3	3	https://www.vitra.com.tr/ilham-veren-fikirler/banyo-nis-modelleri-ve-dekorasyonu/	question,image_th,video_th,sitelink	image_th,video_th,question,sitelink,paid_bottom,paid_sitelink	81	87
mutfak eviye	700	4		https://www.vitra.com.tr/ilham-veren-fikirler/en-kullanisli-evye-hangisi/	image_th,question,video_th		39	
parke görünümlü seramik fiyatları	700	14	17	https://www.vitra.com.tr/ilham-veren-fikirler/ahsap-gorunumlu-seramik-modelleri/	question,video_th	question,video_th	9	5
mutfak tezgah evye modelleri	700	5	12	https://www.vitra.com.tr/ilham-veren-fikirler/en-kullanisli-evye-hangisi/	image_th,question,video_th	image_th,sitelink,video_th	49	15
mutfak tasarımı	700	18	29	https://www.vitra.com.tr/ilham-veren-fikirler/mutfak-dekorasyonu-nasil-yapilir/	image_th,question,video_th	image_th,sitelink,video_th	1	0
banyo yenileme modelleri	700	3	40	https://www.vitra.com.tr/ilham-veren-fikirler/banyonuzu-yenileme-cozumleri/	question,video_th	image_th,video_th,question,sitelink	72	0
vitrifiye ne demek	700	1	1	https://www.vitra.com.tr/ilham-veren-fikirler/vitrifiye-urun-gruplari-nelerdir/	ai_overview,image_th,question,video_th	snippet,image_th,question	53	90
duşakabin montajı	700	3	2	https://www.vitra.com.tr/ilham-veren-fikirler/dusakabin-montaji-nasil-yapilir/	video_th,question	video_th	19	117
mutfak evyesi modelleri	700	4		https://www.vitra.com.tr/ilham-veren-fikirler/en-kullanisli-evye-hangisi/	image_th,question,video_th		61	
en güzel banyo modelleri	700	13		https://www.vitra.com.tr/ilham-veren-fikirler/banyo-dekorasyonu-fikirleri/	question,image_th,video_th		4	
dar banyo tasarımları	700	6	6	https://www.vitra.com.tr/ilham-veren-fikirler/banyo-dekorasyonu-fikirleri/	question,image_th,video_th	image_th,video_th	10	14
rezervuar ne demek	600	1	2	https://www.vitra.com.tr/ilham-veren-fikirler/rezervuar-nedir/	ai_overview,image_th,question	knowledge_card,question,video_th,knowledge_panel	79	21
kullanışlı küçük banyo fayans modelleri	600	1	3	https://www.vitra.com.tr/ilham-veren-fikirler/kucuk-banyolar-icin-karo-secimi-nasil-olmali/	image_th,ai_overview,question,video_th	question,image_th,sitelink,video_th	152	72
bide ne demek	600	1	2	https://www.vitra.com.tr/ilham-veren-fikirler/bide-nedir/	ai_overview,image_th,question,video_th	knowledge_card,question,video_th,knowledge_panel	43	31
ahşap desenli seramik	600	6	2	https://www.vitra.com.tr/ilham-veren-fikirler/ahsap-gorunumlu-seramik-modelleri/	image_th,question,sitelink,video_th	image_th,video_th	34	134
klozet nasıl takılır	600	4		https://www.vitra.com.tr/ilham-veren-fikirler/klozet-montaji-nasil-yapilir	video,question,video_th,ai_overview,image_th,sitelink		22	
banyo çizimi	600	18		https://www.vitra.com.tr/ilham-veren-fikirler/banyo-tasarimi-ve-uygulama/	video_th,image_th,paid_bottom		1	
banyolar	600	17		https://www.vitra.com.tr/ilham-veren-fikirler/banyo-dekorasyonu-fikirleri/	ai_overview,image_th,video_th,question		1	
doğal ahşap görünümlü seramik	600	3	2	https://www.vitra.com.tr/ilham-veren-fikirler/ahsap-gorunumlu-seramik-modelleri/	question,video	image_th,video_th	64	118
lüks klozet modelleri	600	22		https://www.vitra.com.tr/ilham-veren-fikirler/klozet-secim-rehberi-ve-tavsiyeler/	question,image_th,video_th		1	
lavabo ne demek	600	24		https://www.vitra.com.tr/ilham-veren-fikirler/lavabo-secim-rehberi-ve-tavsiyeler/	ai_overview,image_th,question,video_th		0	
en iyi klozet markası	600	23		https://www.vitra.com.tr/ilham-veren-fikirler/klozet-secim-rehberi-ve-tavsiyeler/	ai_overview,image_th,question,paid_bottom,video_th		1	
lavabo yüksekliği	600	1	3	https://www.vitra.com.tr/ilham-veren-fikirler/lavabo-secim-rehberi-ve-tavsiyeler/	ai_overview,image_th,question,video	snippet,question,image_th,video_th	20	17
parke görünümlü seramik vitra	600	1	1	https://www.vitra.com.tr/ilham-veren-fikirler/ahsap-gorunumlu-seramik-modelleri/	image_th,video_th,question	image_th,sitelink,video_th,question	198	221
kare evye	600	5	8	https://www.vitra.com.tr/ilham-veren-fikirler/en-kullanisli-evye-hangisi/	image_th,video_th	image_th	49	30
gömme rezervuar su kaçırıyor	600	5	4	https://www.vitra.com.tr/ilham-veren-fikirler/gomme-rezervuar-tamiri/	video_th,question,ai_overview,image_th	video_th,question	35	59
üstten vidalı klozet kapağı nasıl takılır	600	4	15	https://www.vitra.com.tr/ilham-veren-fikirler/klozet-kapagi-montaji-nasil-yapilir/	video,question,sitelink,video_th	question,video_th,sitelink,image_th	48	4
bide nasıl kullanılır	600	1	1	https://www.vitra.com.tr/ilham-veren-fikirler/bide-nedir/	ai_overview,image_th,question,sitelink,video_th	snippet,question,video_th,sitelink	34	82
banyo düzeni fikirleri	600	1	6	https://www.vitra.com.tr/ilham-veren-fikirler/banyo-duzenleme/	image,question,video,video_th	image_th,video_th,paid_bottom,paid_sitelink	55	70
armatur	500	1	9	https://www.vitra.com.tr/ilham-veren-fikirler/armatur-nedir/	ai_overview,image_th,image,question	image_th,question	6	6
klozet kapağı amortisörü tamiri	500	20		https://www.vitra.com.tr/ilham-veren-fikirler/klozet-kapagi-montaji-nasil-yapilir/	image,question,video_th		1	
vitra küvet	500	5	54	https://www.vitra.com.tr/ilham-veren-fikirler/kuvetli-banyo-modelleri-dekorasyon-onerileri/	sitelink,image_th,video_th,question,paid_bottom	sitelink	0	0
seramik görünümlü parke	500	19		https://www.vitra.com.tr/ilham-veren-fikirler/ahsap-gorunumlu-seramik-modelleri/	question,image_th,video_th		2	
banyo tadilat örnekleri	500	15	45	https://www.vitra.com.tr/ilham-veren-fikirler/banyonuzu-yenileme-cozumleri/	question,image_th,paid_bottom,paid_sitelink,video_th	image_th,question,video_th	3	0
klozet şamandıra tamiri	500	7	10	https://www.vitra.com.tr/ilham-veren-fikirler/gomme-rezervuar-tamiri/	video_th,question	video_th,question	23	13
2 metrekare banyo modelleri	500	10		https://www.vitra.com.tr/ilham-veren-fikirler/kucuk-banyolar-icin-karo-secimi-nasil-olmali/	image,question,video_th,ai_overview,image_th		9	
sifon tamiri	500	4	3	https://www.vitra.com.tr/ilham-veren-fikirler/gomme-rezervuar-tamiri/	paid_top,question,paid_bottom,video_th	video_th,question,image_th	5	24
vidalı klozet kapağı nasıl takılır	500	4		https://www.vitra.com.tr/ilham-veren-fikirler/klozet-kapagi-montaji-nasil-yapilir/	video,question,sitelink,video_th		41	
60x120 ahşap görünümlü seramik	500	5	8	https://www.vitra.com.tr/ilham-veren-fikirler/ahsap-gorunumlu-seramik-modelleri/	image_th,question,video_th	image_th	36	26
banyo fayans temizliği deterjan	500	9		https://www.vitra.com.tr/ilham-veren-fikirler/banyo-temizligi-nasil-yapilir/	question,video_th,paid_bottom		16	
banyo modelleri 2026	500	2		https://www.vitra.com.tr/ilham-veren-fikirler/2026-banyo-modelleri	image_th,question,paid_bottom,paid_sitelink,video_th		74	
lüks banyo modelleri	500	3	3	https://www.vitra.com.tr/ilham-veren-fikirler/modern-banyo-modelleri-ve-tasarim-fikirleri/	video_th,question	image_th,video_th,paid_bottom,paid_sitelink	22	27
banyo temizliği	500	1	7	https://www.vitra.com.tr/ilham-veren-fikirler/banyo-temizligi-nasil-yapilir/	ai_overview,image_th,question,sitelink,video_th	snippet,question,video_th,paid_bottom,paid_sitelink	61	16
banyo niş ölçüleri	450	1	6	https://www.vitra.com.tr/ilham-veren-fikirler/banyo-nis-modelleri-ve-dekorasyonu/	image,question,image_th,video_th	question,image_th,video_th,sitelink	4	28
banyo zemin fayans	450	9		https://www.vitra.com.tr/ilham-veren-fikirler/banyo-seramik-secimi-ve-tavsiyeler/	ai_overview,image_th,image,question		8	
vitra banyo modelleri	450	2	57	https://www.vitra.com.tr/ilham-veren-fikirler/kucuk-banyo-dekorasyonu/	image,question	sitelink,image_th,video_th	38	0
küçük banyo düzeni	450	1		https://www.vitra.com.tr/ilham-veren-fikirler/banyo-duzenleme/	image,question		26	
en iyi evye markaları	450	1	43	https://www.vitra.com.tr/ilham-veren-fikirler/en-kullanisli-evye-hangisi/	ai_overview,image_th,sitelink,question,image,video_th	snippet,question,sitelink,video_th	21	0
mutfak eviye modelleri	450	7	21	https://www.vitra.com.tr/ilham-veren-fikirler/en-kullanisli-evye-hangisi/	image	paid_top,image_th,video_th,paid_bottom,paid_sitelink	19	1
vitra klozet kapağı menteşesi	450	5	15	https://www.vitra.com.tr/ilham-veren-fikirler/klozet-kapagi-montaji-nasil-yapilir/	video,question	image_th,video_th,paid_bottom,paid_sitelink	32	5
vitra kanalsız klozet	450	1	10	https://www.vitra.com.tr/ilham-veren-fikirler/kanalsiz-klozet-nedir-ve-nasil-calisir/	image,question,video_th	sitelink,image_th,video_th	23	14
klozet kapağı montajı	450	2	6	https://www.vitra.com.tr/ilham-veren-fikirler/klozet-kapagi-montaji-nasil-yapilir/	image,video_th	video_th	60	39
duşakabin camı nasıl temizlenir	450	1	1	https://www.vitra.com.tr/ilham-veren-fikirler/dusakabin-temizligi-nasil-yapilir/	ai_overview,image_th,question,video_th,image	snippet,image_th,question,video_th,sitelink	50	160
cam duşakabin temizliği	450	3	1	https://www.vitra.com.tr/ilham-veren-fikirler/dusakabin-temizligi-nasil-yapilir/	video,question,ai_overview,image_th,image,video_th	snippet,question,video_th,sitelink	13	152
klozet kapağı montaj vidası	400	7	18	https://www.vitra.com.tr/ilham-veren-fikirler/klozet-kapagi-montaji-nasil-yapilir/	image,video,question,image_th	image_th,video_th	12	2
lüks lavabo modelleri	400	1		https://www.vitra.com.tr/ilham-veren-fikirler/luks-banyo-tezgahi-tasarimlari-2023/	image,question		10	
mutfak dekor	400	2	23	https://www.vitra.com.tr/ilham-veren-fikirler/mutfak-dekorasyonu-nasil-yapilir/	image,video_th	image_th,sitelink,video_th	3	0
vitra banyo seramik	400	2	4	https://www.vitra.com.tr/ilham-veren-fikirler/banyo-seramik-secimi-ve-tavsiyeler/	sitelink,image,question	sitelink	32	30
tezgah altı evye mi tezgah üstü evye mi	400	1	1	https://www.vitra.com.tr/ilham-veren-fikirler/en-kullanisli-evye-hangisi/	ai_overview,image_th,question,video_th	snippet,image_th,question,video_th,sitelink	42	117
klozet gider borusu nasıl takılır	400	10		https://www.vitra.com.tr/ilham-veren-fikirler/klozet-montaji-nasil-yapilir	video_th,question,ai_overview,image_th		32	
plastik klozet kapağı nasıl takılır	400	7	18	https://www.vitra.com.tr/ilham-veren-fikirler/klozet-kapagi-montaji-nasil-yapilir/	image,video_th,question	video_th,question,sitelink	13	2
gömme rezervuar montaj ölçüleri	400	3	4	https://www.vitra.com.tr/ilham-veren-fikirler/gomme-rezervuar-montaji-nasil-yapilir/	image,question,video_th	question,video_th,sitelink	34	40
gri yeşil uyumu	400	1		https://www.vitra.com.tr/ilham-veren-fikirler/renklerin-gucu/	image,question,image_th		3	
banyo nasıl temizlenir	400	1	4	https://www.vitra.com.tr/ilham-veren-fikirler/banyo-temizligi-nasil-yapilir/	ai_overview,image_th,question,sitelink,video_th	snippet,question,video_th,paid_bottom	30	23
vitra klozet takımı	400	8	59	https://www.vitra.com.tr/ilham-veren-fikirler/klozet-secim-rehberi-ve-tavsiyeler/	image,question	sitelink,image_th,video_th,paid_bottom,paid_sitelink	11	0
niş banyo	400	4	3	https://www.vitra.com.tr/ilham-veren-fikirler/banyo-nis-modelleri-ve-dekorasyonu/	question,image_th,video_th	image_th,question,video_th	33	46
banyo bataryası nasıl takılır	400	2	3	https://www.vitra.com.tr/ilham-veren-fikirler/banyo-bataryasi-nasil-takilir/	video_th,question	question	41	39
vitra gömme rezervuar ölçüleri	400	1		https://www.vitra.com.tr/ilham-veren-fikirler/gomme-rezervuar-montaji-nasil-yapilir/	image,question,video_th		15	
karo nedir	400	4	1	https://www.vitra.com.tr/ilham-veren-fikirler/karo-nedir-karo-seramik-nerelerde-kullanilir/	ai_overview,image_th,question,image	image_th,question,video_th,knowledge_panel	9	56
yavaş kapanan klozet kapağı nasıl sökülür	400	5	16	https://www.vitra.com.tr/ilham-veren-fikirler/klozet-kapagi-montaji-nasil-yapilir/	question,sitelink,video_th	video_th,question,sitelink	29	3
vitra tuvalet	400	4	71	https://www.vitra.com.tr/ilham-veren-fikirler/klozet-secim-rehberi-ve-tavsiyeler/	image_th	paid_top,sitelink,image_th,video_th,paid_bottom,paid_sitelink	36	0
evde duşakabin temizliği	400	3	1	https://www.vitra.com.tr/ilham-veren-fikirler/dusakabin-temizligi-nasil-yapilir/	question,image,video_th	snippet,question,video_th,paid_bottom	32	110
banyo yenileme fikirleri	400	10	10	https://www.vitra.com.tr/ilham-veren-fikirler/banyonuzu-yenileme-cozumleri/	image,question,video_th,image_th	image_th,video_th,sitelink,question	9	14
küvetli banyo modelleri	400	4	7	https://www.vitra.com.tr/ilham-veren-fikirler/kuvetli-banyo-modelleri-dekorasyon-onerileri/	image_th,video,sitelink	image_th,video_th	19	12
ebeveyn banyosu modelleri	400	3	25	https://www.vitra.com.tr/ilham-veren-fikirler/ebeveyn-banyosu-dekorasyon-onerileri/	image,image_th,question	paid_top,image_th,question,video_th,paid_bottom,paid_sitelink	31	0
dusa kabin temizligi	400	1	1	https://www.vitra.com.tr/ilham-veren-fikirler/dusakabin-temizligi-nasil-yapilir/	ai_overview,image_th,question,video,image	snippet,image_th,question,video_th	34	120
banyo dekoru	400	8	11	https://www.vitra.com.tr/ilham-veren-fikirler/banyo-dekorasyonu-fikirleri/	question	image_th,video_th	5	4
tezgah üstü musluk nasıl takılır	400	3	6	https://www.vitra.com.tr/ilham-veren-fikirler/lavabo-bataryasi-montaji-nasil-yapilir/	video_th,question	video_th,question,sitelink	43	26
lavabo mutfak	350	9		https://www.vitra.com.tr/ilham-veren-fikirler/en-kullanisli-evye-hangisi/	image_th,question,paid_bottom		3	
parke görünümlü taş	350	10	14	https://www.vitra.com.tr/ilham-veren-fikirler/ahsap-gorunumlu-seramik-modelleri/	image,video_th,question	image_th,question,video_th	3	2
klozet vitra	350	7	34	https://www.vitra.com.tr/ilham-veren-fikirler/klozet-secim-rehberi-ve-tavsiyeler/	image,question	paid_top,sitelink,image_th,paid_bottom,paid_sitelink	8	0
duş banyo niş modelleri	350	1		https://www.vitra.com.tr/ilham-veren-fikirler/banyo-nis-modelleri-ve-dekorasyonu/	image,video,ai_overview,image_th,video_th,question		15	
mutfak dolabı tasarımları	350	1	21	https://www.vitra.com.tr/ilham-veren-fikirler/mutfak-dekorasyonu-nasil-yapilir/	image,video_th,video,question	image_th,video_th,question,paid_bottom,paid_sitelink	5	0
gömme sifon	350	9	10	https://www.vitra.com.tr/ilham-veren-fikirler/gomme-rezervuar-tamiri/	image,question,image_th	image_th,video_th,question,paid_bottom,paid_sitelink	3	3
duşakabin kireci nasıl temizlenir	350	5	1	https://www.vitra.com.tr/ilham-veren-fikirler/dusakabin-temizligi-nasil-yapilir/	ai_overview,image_th,question,video_th	snippet,question,video_th	18	91
evye ne demek	350	1	19	https://www.vitra.com.tr/ilham-veren-fikirler/en-kullanisli-evye-hangisi/	ai_overview,image_th,question,video_th,image	question,knowledge_panel,video_th,sitelink	7	1
krom evye mi çelik evye mi	350	1	6	https://www.vitra.com.tr/ilham-veren-fikirler/en-kullanisli-evye-hangisi/	ai_overview,image_th,image,question,video,sitelink	snippet,image_th,question,sitelink,video_th	18	21
gömme sifon basma butonu bozuldu	350	9	11	https://www.vitra.com.tr/ilham-veren-fikirler/gomme-rezervuar-tamiri/	question,image,ai_overview,image_th,sitelink	video_th,sitelink,question,paid_bottom,paid_sitelink	6	6
klozet yüksekliği	350	7	2	https://www.vitra.com.tr/ilham-veren-fikirler/klozet-secim-rehberi-ve-tavsiyeler/	ai_overview,image_th,image,question	question,image_th,video_th	1	6
klozet kapağı nasıl değiştirilir	350	7	13	https://www.vitra.com.tr/ilham-veren-fikirler/klozet-kapagi-montaji-nasil-yapilir/	image,question,video_th,sitelink	video_th,question,sitelink	13	5
klozet tamiri	350	7	5	https://www.vitra.com.tr/ilham-veren-fikirler/gomme-rezervuar-tamiri/	local_pack,image,question	local_pack,video_th,question	12	25
gömme rezervuar şamandıra suyu kesmiyor	350	2		https://www.vitra.com.tr/ilham-veren-fikirler/gomme-rezervuar-tamiri/	question,image		34	
klozet ölçüsü	350	1	2	https://www.vitra.com.tr/ilham-veren-fikirler/klozet-secim-rehberi-ve-tavsiyeler/	ai_overview,image_th,question,video_th	question,image_th,video_th,paid_bottom	14	22
kanalsız klozet ne demek	350	1	1	https://www.vitra.com.tr/ilham-veren-fikirler/kanalsiz-klozet-nedir-ve-nasil-calisir/	ai_overview,image_th,video_th,question,video	snippet,question,video_th	35	108
klozet üstü niş	350	1	7	https://www.vitra.com.tr/ilham-veren-fikirler/banyo-nis-modelleri-ve-dekorasyonu/	image,question,video_th	image_th,question,video_th	28	21
vitra evye	300	3	13	https://www.vitra.com.tr/ilham-veren-fikirler/en-kullanisli-evye-hangisi/	image,question	sitelink,image_th	21	4
çelik evye modelleri	300	8	27	https://www.vitra.com.tr/ilham-veren-fikirler/en-kullanisli-evye-hangisi/	image,image_th	paid_top,image_th,question,video_th,paid_bottom,paid_sitelink	10	0
bidet ne demek	300	1	2	https://www.vitra.com.tr/ilham-veren-fikirler/bide-nedir/	ai_overview,image_th,question,image	question,video_th,sitelink,knowledge_panel	25	32
duşakabin kireç lekesi nasıl çıkar	300	5	1	https://www.vitra.com.tr/ilham-veren-fikirler/dusakabin-temizligi-nasil-yapilir/	ai_overview,image_th,video,question,image,video_th	snippet,question,video_th,sitelink,paid_bottom,paid_sitelink	16	104
duşakabin su lekesi tutmaması için	300	1	1	https://www.vitra.com.tr/ilham-veren-fikirler/dusakabin-temizligi-nasil-yapilir/	ai_overview,image_th,video_th,video,question	snippet,question,video_th	14	83
klozet kapağı değiştirme	300	3	10	https://www.vitra.com.tr/ilham-veren-fikirler/klozet-kapagi-montaji-nasil-yapilir/	video_th,question,image	video_th,sitelink	24	10
banyo dekorasyonu örnekleri	300	6	13	https://www.vitra.com.tr/ilham-veren-fikirler/banyo-dekorasyonu-fikirleri/	image_th,video_th,question	paid_top,image_th,video_th,paid_bottom,paid_sitelink	17	5
mutfak dizayn	300	7	13	https://www.vitra.com.tr/ilham-veren-fikirler/mutfak-dekorasyonu-nasil-yapilir/	local_pack,video_th,question	image_th,video_th,question	8	2
duşakabin kireç sökücü	300	9	10	https://www.vitra.com.tr/ilham-veren-fikirler/dusakabin-temizligi-nasil-yapilir/	ai_overview,image_th,question,image,video_th	question,video_th	6	8
beyaz evye	300	8		https://www.vitra.com.tr/ilham-veren-fikirler/en-kullanisli-evye-hangisi/	question		14	
küvet duşakabin	300	12		https://www.vitra.com.tr/ilham-veren-fikirler/kuvet-mi-dusakabin-mi-secim-rehberi	image,image_th,local_pack,question		5	
vitrifiye malzemeleri	300	1	1	https://www.vitra.com.tr/ilham-veren-fikirler/vitrifiye-urun-gruplari-nelerdir/	ai_overview,image_th,question,knowledge_panel	snippet,image_th,question,sitelink,video_th	58	82
banyo düzeni	300	1	4	https://www.vitra.com.tr/ilham-veren-fikirler/banyo-duzenleme/	image,question	image_th,video_th	14	34
ahşap seramik	300	4	3	https://www.vitra.com.tr/ilham-veren-fikirler/ahsap-gorunumlu-seramik-modelleri/	image_th,question,video_th	image_th	18	32
vitra rezervuar iç takımı tamiri	300	3	5	https://www.vitra.com.tr/ilham-veren-fikirler/gomme-rezervuar-tamiri/	video_th,question	video_th,question	35	25
vitra gömme rezervuar montajı	300	1	2	https://www.vitra.com.tr/ilham-veren-fikirler/gomme-rezervuar-montaji-nasil-yapilir/	question,video_th	video_th	108	64
duşa kabin temizligi	300	1	1	https://www.vitra.com.tr/ilham-veren-fikirler/dusakabin-temizligi-nasil-yapilir/	ai_overview,image_th,video_th,video,question,image	snippet,question,video_th,discussion	6	84
mutfak evye ölçüleri	300	11	20	https://www.vitra.com.tr/ilham-veren-fikirler/en-kullanisli-evye-hangisi/	image,question,ai_overview,image_th	question,image_th,video_th	2	0
evye mutfak	300	8	15	https://www.vitra.com.tr/ilham-veren-fikirler/en-kullanisli-evye-hangisi/	image,question	image_th,video_th	8	3
banyo fayansı modelleri	300	1	35	https://www.vitra.com.tr/ilham-veren-fikirler/kucuk-banyolar-icin-karo-secimi-nasil-olmali/	image,question,video_th	image_th,video_th	8	0
banyo dizayn modelleri	300	1		https://www.vitra.com.tr/ilham-veren-fikirler/banyo-dekorasyonu-fikirleri/	image,question,video,image_th		16	
duşakabin temizliği nasıl yapılır	300	3	1	https://www.vitra.com.tr/ilham-veren-fikirler/dusakabin-temizligi-nasil-yapilir/	video,question,ai_overview,image_th,video_th	snippet,image_th,question,video_th	50	152
küçük klozet ölçüleri	250	1		https://www.vitra.com.tr/ilham-veren-fikirler/klozet-secim-rehberi-ve-tavsiyeler/	ai_overview,image_th,image,question,video_th		16	
klozet boyutları	250	1	1	https://www.vitra.com.tr/ilham-veren-fikirler/klozet-secim-rehberi-ve-tavsiyeler/	ai_overview,image_th,question	question,image_th,video_th	7	23
banyo temizliği nasıl yapılır	250	4	7	https://www.vitra.com.tr/ilham-veren-fikirler/banyo-temizligi-nasil-yapilir/	video,question,sitelink,ai_overview,image_th	snippet,question,video_th	14	13
portable bidet	250	5		https://www.vitra.com.tr/ilham-veren-fikirler/bide-nedir/	image,question,video_th		6	
vitra sifon	250	7		https://www.vitra.com.tr/ilham-veren-fikirler/gomme-rezervuar-tamiri/	image,sitelink		9	
lavabo bataryası nasıl takılır	250	3	5	https://www.vitra.com.tr/ilham-veren-fikirler/lavabo-bataryasi-montaji-nasil-yapilir/	image,question,video_th	video_th,question	20	23
mutfak modeli	250	1		https://www.vitra.com.tr/ilham-veren-fikirler/mutfak-dekorasyonu-nasil-yapilir/	image,question		4	
duşakabin neyle temizlenir	250	4	1	https://www.vitra.com.tr/ilham-veren-fikirler/dusakabin-temizligi-nasil-yapilir/	ai_overview,image_th,video,question,video_th	snippet,question,video_th	16	67
değişik mutfak modelleri	250	1		https://www.vitra.com.tr/ilham-veren-fikirler/mutfak-dekorasyonu-nasil-yapilir/	image,video,image_th,question		7	
gömme rezervuar şamandıra	250	5		https://www.vitra.com.tr/ilham-veren-fikirler/gomme-rezervuar-tamiri/	question,ai_overview,image_th		15	
ebeveyn banyo modelleri	250	1		https://www.vitra.com.tr/ilham-veren-fikirler/ebeveyn-banyosu-dekorasyon-onerileri/	image,question,video_th,image_th,sitelink		12	
evye markaları	250	1	67	https://www.vitra.com.tr/ilham-veren-fikirler/en-kullanisli-evye-hangisi/	ai_overview,image_th,sitelink,image,question	image_th,question,sitelink,video_th	6	0
klozet kapağı ölçüleri	250	7		https://www.vitra.com.tr/ilham-veren-fikirler/klozet-kapagi-montaji-nasil-yapilir/	ai_overview,image_th,question		6	
musluk batarya değişimi	250	3	8	https://www.vitra.com.tr/ilham-veren-fikirler/banyo-bataryasi-nasil-takilir/	video,question,video_th	video_th,question	29	11
vitra klozet kapağı nasıl sökülür	250	4	7	https://www.vitra.com.tr/ilham-veren-fikirler/klozet-kapagi-montaji-nasil-yapilir/	image,video_th	video_th,sitelink,paid_bottom	21	16
gömme sifon tamiri	250	3	4	https://www.vitra.com.tr/ilham-veren-fikirler/gomme-rezervuar-tamiri/	question,image,video_th,sitelink	video_th,question,image_th,sitelink	13	15
duvar tipi sifon tamiri	250	3	4	https://www.vitra.com.tr/ilham-veren-fikirler/gomme-rezervuar-tamiri/	image,question,video_th,sitelink	video_th,question	21	25
bide tuvalet	250	1	4	https://www.vitra.com.tr/ilham-veren-fikirler/bide-nedir/	image,question,video	question,image_th	23	24
en kullanıslı evye hangisi kadınlar kulübü	250	7	4	https://www.vitra.com.tr/ilham-veren-fikirler/en-kullanisli-evye-hangisi/	image,question,sitelink,video_th	snippet,sitelink,question,video_th	8	18
kanallı kanalsız klozet farkı	250	1	4	https://www.vitra.com.tr/ilham-veren-fikirler/kanalsiz-klozet-nedir-ve-nasil-calisir/	ai_overview,image_th,video_th,question,video	snippet,question,video_th,sitelink	22	29
mutfak nişi	250	1		https://www.vitra.com.tr/ilham-veren-fikirler/mutfak-dekorasyonu-nasil-yapilir/	image,question,ai_overview,image_th,video_th		0	
ahşap fayans	250	6		https://www.vitra.com.tr/ilham-veren-fikirler/ahsap-gorunumlu-seramik-modelleri/	image_th,question,video_th		5	
bidet toilet	250	1		https://www.vitra.com.tr/ilham-veren-fikirler/bide-nedir/	ai_overview,image_th,question,image		1	
duşakabin montajı nasıl yapılır	250	5	2	https://www.vitra.com.tr/ilham-veren-fikirler/dusakabin-montaji-nasil-yapilir/	question,video_th,image,ai_overview,image_th	video_th,paid_bottom,paid_sitelink	11	31
duşakabin temizleme	250	1	1	https://www.vitra.com.tr/ilham-veren-fikirler/dusakabin-temizligi-nasil-yapilir/	ai_overview,image_th,question,image	paid_top,paid_sitelink,snippet,image_th,question,video_th,paid_bottom	23	64
gömme sifon su akıtıyor	250	3	9	https://www.vitra.com.tr/ilham-veren-fikirler/gomme-rezervuar-tamiri/	question,ai_overview,image_th,image,video_th	video_th,paid_top,question,image_th,paid_bottom,paid_sitelink	16	7
salon yer seramik modelleri	250	1		https://www.vitra.com.tr/ilham-veren-fikirler/ahsap-gorunumlu-seramik-modelleri/	image,question,image_th,video_th		2	
granit evye mi çelik evye mi	250	1	5	https://www.vitra.com.tr/ilham-veren-fikirler/en-kullanisli-evye-hangisi/	ai_overview,image_th,question,sitelink,image	snippet,question,sitelink,video_th	12	18
duş başlığı takma aparatı nasıl takılır	250	4	7	https://www.vitra.com.tr/ilham-veren-fikirler/dus-basligi-nasil-takilir/	video_th,question	snippet,video_th,question,sitelink	23	12
vitra yavaş kapanan klozet kapağı menteşesi	250	9		https://www.vitra.com.tr/ilham-veren-fikirler/klozet-kapagi-montaji-nasil-yapilir/	image,image_th,sitelink,video		6	
tuvalet banyo temizliği püf noktaları	250	9		https://www.vitra.com.tr/ilham-veren-fikirler/banyo-temizligi-nasil-yapilir/	question,sitelink,image		1	
duşakabin camı nasıl temizlenir kadınlar kulübü	250	4	11	https://www.vitra.com.tr/ilham-veren-fikirler/dusakabin-temizligi-nasil-yapilir/	question,ai_overview,image_th,video_th	question,video_th	15	5
banyoda niş	200	4	3	https://www.vitra.com.tr/ilham-veren-fikirler/banyo-nis-modelleri-ve-dekorasyonu/	question,video_th	image_th,question,video_th	15	22
standart klozet ölçüleri	200	1	1	https://www.vitra.com.tr/ilham-veren-fikirler/klozet-secim-rehberi-ve-tavsiyeler/	ai_overview,image_th,image,question	snippet,question,image_th,video_th	16	62
asma klozet montajı	200	4		https://www.vitra.com.tr/ilham-veren-fikirler/klozet-montaji-nasil-yapilir	video_th,question,ai_overview,image_th		5	
klozet yerden yüksekliği	200	7	2	https://www.vitra.com.tr/ilham-veren-fikirler/klozet-secim-rehberi-ve-tavsiyeler/	ai_overview,image_th,image,question	question,image_th,video_th,sitelink	5	29
lavabo evye	200	9		https://www.vitra.com.tr/ilham-veren-fikirler/en-kullanisli-evye-hangisi/	image_th,image		2	
küçük banyolar için dekorasyon fikirleri	200	1		https://www.vitra.com.tr/ilham-veren-fikirler/banyo-dekorasyonu-fikirleri/	image,question		5	
bide klozet	200	9	1	https://www.vitra.com.tr/ilham-veren-fikirler/bide-nedir/	question,image_th	question,image_th,video_th,sitelink	6	39
klozet üstü niş modelleri	200	1	4	https://www.vitra.com.tr/ilham-veren-fikirler/banyo-nis-modelleri-ve-dekorasyonu/	image,video_th	image_th,question,video_th,paid_bottom,paid_sitelink	25	18
duvara sıfır klozet kapağı nasıl takılır	200	4	12	https://www.vitra.com.tr/ilham-veren-fikirler/klozet-kapagi-montaji-nasil-yapilir/	image,video_th	video_th,question,sitelink	14	3
duşakabin kireç ve su lekesi nasıl çıkar	200	5	1	https://www.vitra.com.tr/ilham-veren-fikirler/dusakabin-temizligi-nasil-yapilir/	ai_overview,image_th,question,video_th	snippet,question,video_th	10	52
duşakabin camı temizliği	200	3	1	https://www.vitra.com.tr/ilham-veren-fikirler/dusakabin-temizligi-nasil-yapilir/	ai_overview,image_th,question,image,video_th	snippet,question,video_th	15	67
banyo tezgahı modelleri	200	1		https://www.vitra.com.tr/ilham-veren-fikirler/luks-banyo-tezgahi-tasarimlari-2023/	image,question,image_th		6	
vitra gömme rezervuar iç takımı değişimi	200	3	8	https://www.vitra.com.tr/ilham-veren-fikirler/gomme-rezervuar-tamiri/	video,question,video_th,paid_bottom	video_th	37	9
duş seti montajı	200	5	15	https://www.vitra.com.tr/ilham-veren-fikirler/dus-basligi-nasil-takilir/	video_th	video_th	17	2
laminat görünümlü seramik fiyatları	200	11	19	https://www.vitra.com.tr/ilham-veren-fikirler/ahsap-gorunumlu-seramik-modelleri/	image,question,video_th	image_th,question,sitelink,video_th	3	1
gömme sifona su gelmiyor	200	1	8	https://www.vitra.com.tr/ilham-veren-fikirler/gomme-rezervuar-tamiri/	ai_overview,image_th,video_th,question	video_th,question,sitelink	14	7
ebeveyn banyo	200	6	5	https://www.vitra.com.tr/ilham-veren-fikirler/ebeveyn-banyosu-dekorasyon-onerileri/	image,question,video_th,image_th	question,image_th,video_th,sitelink	4	8
duvar sifonu	200	8		https://www.vitra.com.tr/ilham-veren-fikirler/gomme-rezervuar-tamiri/	image,question,image_th		5	
küçük mutfak çözümleri	200	4		https://www.vitra.com.tr/ilham-veren-fikirler/mutfak-dekorasyonu-nasil-yapilir/	image_th,image,question,sitelink		1	
levye modelleri	200	7		https://www.vitra.com.tr/ilham-veren-fikirler/en-kullanisli-evye-hangisi/	image_th,video_th		11	
vitra karo seramik	200	7		https://www.vitra.com.tr/ilham-veren-fikirler/karo-nedir-karo-seramik-nerelerde-kullanilir/	image_th,question,video_th		9	
duşakabin küvet	200	5		https://www.vitra.com.tr/ilham-veren-fikirler/kuvet-mi-dusakabin-mi-secim-rehberi	question		13	
mutfak evye çeşitleri	200	6	8	https://www.vitra.com.tr/ilham-veren-fikirler/en-kullanisli-evye-hangisi/	video,question	image_th,question,video_th	10	7
mutfak lavabosu modelleri	200	8	9	https://www.vitra.com.tr/ilham-veren-fikirler/en-kullanisli-evye-hangisi/	image_th,video,question	image_th,question,video_th	8	2
standart lavabo ölçüleri	200	9	1	https://www.vitra.com.tr/ilham-veren-fikirler/lavabo-secim-rehberi-ve-tavsiyeler/	ai_overview,image_th,question,video_th	question,image_th,video_th	4	32
tekli evye modelleri	200	8	35	https://www.vitra.com.tr/ilham-veren-fikirler/en-kullanisli-evye-hangisi/	image,question	image_th,sitelink,video_th,paid_bottom,paid_sitelink	6	0
trend banyo modelleri	200	4		https://www.vitra.com.tr/ilham-veren-fikirler/2026-banyo-modelleri	image,question,image_th		12	
küçük banyo dekorasyon fikirleri	200	1	14	https://www.vitra.com.tr/ilham-veren-fikirler/banyo-dekorasyonu-fikirleri/	image,question,video,video_th	paid_top,image_th,question,video_th,paid_bottom,paid_sitelink	6	2
klozet kapağı bağlantı aparatı	200	8	11	https://www.vitra.com.tr/ilham-veren-fikirler/klozet-kapagi-montaji-nasil-yapilir/	video,image_th,question	image_th,video_th,question	6	4
klozet sifon tamiri	200	3	6	https://www.vitra.com.tr/ilham-veren-fikirler/gomme-rezervuar-tamiri/	video,question,sitelink	video_th,question,image_th,sitelink	23	13
mutfak eviyeleri	200	5	20	https://www.vitra.com.tr/ilham-veren-fikirler/en-kullanisli-evye-hangisi/	image_th	image_th,video_th	16	1
kanalsız klozet nedir	200	1	1	https://www.vitra.com.tr/ilham-veren-fikirler/kanalsiz-klozet-nedir-ve-nasil-calisir/	ai_overview,image_th,question,image	snippet,question,image_th,video_th	16	58
vitrifiye markaları	200	7	3	https://www.vitra.com.tr/ilham-veren-fikirler/vitrifiye-urun-gruplari-nelerdir/	ai_overview,image_th,sitelink,question,image,video_th	snippet,image_th,question	1	22
banyoda niş modelleri	200	2	4	https://www.vitra.com.tr/ilham-veren-fikirler/banyo-nis-modelleri-ve-dekorasyonu/	image_th,question	image_th,question,video_th	34	25
lavabo yüksekliği kaç olmalı	200	2	2	https://www.vitra.com.tr/ilham-veren-fikirler/lavabo-secim-rehberi-ve-tavsiyeler/	ai_overview,image_th,image,question,video_th	question,video_th	13	32
mutfak eviyesi	200	6	13	https://www.vitra.com.tr/ilham-veren-fikirler/en-kullanisli-evye-hangisi/	image,local_pack	image_th,video_th	9	3
mutfak lavabo çeşitleri	200	7	7	https://www.vitra.com.tr/ilham-veren-fikirler/en-kullanisli-evye-hangisi/	image,question	image_th,video_th	7	13
mimari danışmanlık	200	3	36	https://www.vitra.com.tr/ilham-veren-fikirler/mimari-danismanlik-nedir-neden-gereklidir/	question,image_th,local_pack	paid_top,local_pack,question,paid_bottom	20	0
klozet arkası niş	200	3	3	https://www.vitra.com.tr/ilham-veren-fikirler/banyo-nis-modelleri-ve-dekorasyonu/	image_th,question	image_th,video_th	19	28
mutfak tezgah lavabosu	200	10	14	https://www.vitra.com.tr/ilham-veren-fikirler/en-kullanisli-evye-hangisi/	image,question,image_th	image_th,video_th	3	3
lavabo nasıl temizlenir	200	6		https://www.vitra.com.tr/ilham-veren-fikirler/banyo-temizligi-nasil-yapilir/	ai_overview,image_th,question,sitelink,video_th		7	
banyo ve tuvaletlerde kullanılan seramik karo	200	1	2	https://www.vitra.com.tr/ilham-veren-fikirler/karo-nedir-karo-seramik-nerelerde-kullanilir/	ai_overview,image_th,question,sitelink	question,sitelink	15	7
yeşil bina	200	4	34	https://www.vitra.com.tr/ilham-veren-fikirler/yesil-yapi-nedir/	ai_overview,image_th,question,video_th	image_th,question,video_th,knowledge_panel	2	0
duşakabin camları nasıl temizlenir	200	1	1	https://www.vitra.com.tr/ilham-veren-fikirler/dusakabin-temizligi-nasil-yapilir/	ai_overview,image_th,question,video_th,image	snippet,question,video_th,sitelink	19	56
banyo dekorasyon modelleri	200	6	18	https://www.vitra.com.tr/ilham-veren-fikirler/banyo-dekorasyonu-fikirleri/	image,question,video_th	image_th,video_th,question	5	1
tuvalet kapağı nasıl takılır	200	1	9	https://www.vitra.com.tr/ilham-veren-fikirler/klozet-kapagi-montaji-nasil-yapilir/	image,question,video_th,sitelink	question,video_th,sitelink	29	7
balık sırtı seramik döşeme	200	7	5	https://www.vitra.com.tr/ilham-veren-fikirler/modern-karo-cozumleri/	question,video_th	video_th,image_th	8	19
karo döşeme	200	3	4	https://www.vitra.com.tr/ilham-veren-fikirler/karo-nasil-dosenir/	question,video_th	question,video_th	8	7
duşakabin içi ahşap görünümlü seramik	200	6	1	https://www.vitra.com.tr/ilham-veren-fikirler/ahsap-gorunumlu-seramik-modelleri/	image,question,image_th	image_th,sitelink,video_th	8	91
gömme klozet su kaçırıyor	200	4	9	https://www.vitra.com.tr/ilham-veren-fikirler/gomme-rezervuar-tamiri/	video,question,image,video_th	video_th,question	6	3
duşakabin kireci nasıl çıkar	200	5	6	https://www.vitra.com.tr/ilham-veren-fikirler/dusakabin-temizligi-nasil-yapilir/	ai_overview,image_th,question,image	snippet,question,video_th	8	11
ankastre lavabo bataryası montaj ölçüleri	200	3		https://www.vitra.com.tr/ilham-veren-fikirler/lavabo-bataryasi-montaji-nasil-yapilir/	image,question,video_th		14	
banyo led aydınlatma	200	9		https://www.vitra.com.tr/ilham-veren-fikirler/banyo-aydinlatmasi-ve-led-ayna-secimi	question,video_th		6	
duşakabin montaj	200	3	2	https://www.vitra.com.tr/ilham-veren-fikirler/dusakabin-montaji-nasil-yapilir/	local_pack,question,image,video_th	video_th,question	8	12
yer karosu döşeme	150	7	7	https://www.vitra.com.tr/ilham-veren-fikirler/karo-nasil-dosenir/	video,question	video_th,image_th,question,local_pack	6	6
duşakabin kurulumu	150	4	2	https://www.vitra.com.tr/ilham-veren-fikirler/dusakabin-montaji-nasil-yapilir/	video_th,image,question	video_th	8	23
banyo lavabo temizliği	150	1	8	https://www.vitra.com.tr/ilham-veren-fikirler/banyo-temizligi-nasil-yapilir/	ai_overview,image_th,question,image,sitelink	snippet,question,video_th	10	6
küçük fayans	150	4		https://www.vitra.com.tr/ilham-veren-fikirler/kucuk-banyolar-icin-karo-secimi-nasil-olmali/	ai_overview,image_th,question,video_th		9	
basmalı sifon tamiri	150	11	22	https://www.vitra.com.tr/ilham-veren-fikirler/gomme-rezervuar-tamiri/	video_th,question,image	video_th,question,sitelink	2	0
laminat görünümlü seramik	150	7	12	https://www.vitra.com.tr/ilham-veren-fikirler/ahsap-gorunumlu-seramik-modelleri/	image_th,question	image_th,question,video_th,sitelink,paid_bottom,paid_sitelink	5	2
karo fayans modelleri	150	1		https://www.vitra.com.tr/ilham-veren-fikirler/kucuk-banyolar-icin-karo-secimi-nasil-olmali/	image,question,image_th		4	
vitra asma klozet montajı	150	6	36	https://www.vitra.com.tr/ilham-veren-fikirler/gomme-rezervuar-montaji-nasil-yapilir/	question,video_th	video_th,paid_bottom,paid_sitelink	9	0
vitra akıllı klozet kapağı	150	4	87	https://www.vitra.com.tr/ilham-veren-fikirler/klozet-kapagi-montaji-nasil-yapilir/	image,question,video_th	image_th,question,video_th	9	0
duvar tipi sifon	150	7	4	https://www.vitra.com.tr/ilham-veren-fikirler/gomme-rezervuar-tamiri/	image,image_th,question,video_th	image_th,question,video_th	5	4
duşakabin cam temizliği	150	1	1	https://www.vitra.com.tr/ilham-veren-fikirler/dusakabin-temizligi-nasil-yapilir/	ai_overview,image_th,question	snippet,question,video_th	25	41
şifon nedir	150	1		https://www.vitra.com.tr/ilham-veren-fikirler/rezervuar-nedir/	ai_overview,image_th,question,sitelink		3	
duşakabin nasıl takılır	150	3	2	https://www.vitra.com.tr/ilham-veren-fikirler/dusakabin-montaji-nasil-yapilir/	question,video_th	video_th	19	34
banyo mimari tasarım	150	2	23	https://www.vitra.com.tr/ilham-veren-fikirler/banyo-tasarimi-ve-uygulama/	video_th,image_th,paid_bottom	image_th,video_th,paid_bottom,paid_sitelink	29	0
gömme rezervuar ölçü	150	1		https://www.vitra.com.tr/ilham-veren-fikirler/gomme-rezervuar-montaji-nasil-yapilir/	image,question,video_th		3	
banyo dekorasyonu fikirleri	150	1	11	https://www.vitra.com.tr/ilham-veren-fikirler/banyo-dekorasyonu-fikirleri/	image,question	image_th,video_th,question,sitelink	15	3
banyo dolabı düzeni	150	4	2	https://www.vitra.com.tr/ilham-veren-fikirler/banyo-duzenleme/	image_th,question,video_th	image_th,video_th,paid_bottom,paid_sitelink	13	31
köşe evye modelleri	150	10	26	https://www.vitra.com.tr/ilham-veren-fikirler/en-kullanisli-evye-hangisi/	question,video_th	image_th,video_th	3	0
rezervuar iç takımı montajı	150	5	24	https://www.vitra.com.tr/ilham-veren-fikirler/gomme-rezervuar-montaji-nasil-yapilir/	video_th,question	video_th,question	5	0
klozet kapağı aparatı	150	7	12	https://www.vitra.com.tr/ilham-veren-fikirler/klozet-kapagi-montaji-nasil-yapilir/	image,question	image_th,video_th	5	3
lavabo yüksekliği kaç cm	150	1	2	https://www.vitra.com.tr/ilham-veren-fikirler/lavabo-secim-rehberi-ve-tavsiyeler/	ai_overview,image_th,question,video,video_th	question,video_th,image_th	17	23
mutfak lavabo evyesi	150	5		https://www.vitra.com.tr/ilham-veren-fikirler/en-kullanisli-evye-hangisi/	image,image_th,question		7	
en güzel mutfak modelleri	150	1		https://www.vitra.com.tr/ilham-veren-fikirler/mutfak-dekorasyonu-nasil-yapilir/	image,video,question,image_th,video_th		1	
mutfak tasarim	150	1	33	https://www.vitra.com.tr/ilham-veren-fikirler/mutfak-dekorasyonu-nasil-yapilir/	image,local_pack,question	image_th,sitelink,video_th	1	0
granit evye kullanışlı mi	150	8	4	https://www.vitra.com.tr/ilham-veren-fikirler/en-kullanisli-evye-hangisi/	ai_overview,image_th,video,question,sitelink	snippet,question,sitelink	5	15
banyodaki	150	5		https://www.vitra.com.tr/ilham-veren-fikirler/banyo-temizligi-nasil-yapilir/	video,question,ai_overview,image_th		0	
çelik mutfak evyesi	150	9		https://www.vitra.com.tr/ilham-veren-fikirler/en-kullanisli-evye-hangisi/	image_th,question		4	
seramik karo kaplama	150	6	4	https://www.vitra.com.tr/ilham-veren-fikirler/karo-nedir-karo-seramik-nerelerde-kullanilir/	question,video_th	question,image_th,paid_bottom,paid_sitelink	7	12
büyük evye	150	1	19	https://www.vitra.com.tr/ilham-veren-fikirler/en-kullanisli-evye-hangisi/	image,image_th,question	image_th,video_th,question	12	0
vitra banyo seramik modelleri	150	8	7	https://www.vitra.com.tr/ilham-veren-fikirler/banyo-seramik-secimi-ve-tavsiyeler/	sitelink,question,image_th	paid_top,sitelink,question,paid_bottom,paid_sitelink	3	3
mocha renk	150	2	16	https://www.vitra.com.tr/ilham-veren-fikirler/2025-pantone-rengi-mocha-mousse/	ai_overview,image_th,image,question,video_th	question,image_th,video_th	2	1
vitra asma klozet modelleri	150	8	46	https://www.vitra.com.tr/ilham-veren-fikirler/klozet-secim-rehberi-ve-tavsiyeler/	image,image_th,question	sitelink,image_th,video_th	4	0
ahşap görünümlü fayans modelleri	150	1	1	https://www.vitra.com.tr/ilham-veren-fikirler/ahsap-gorunumlu-seramik-modelleri/	image,video_th,question,image_th	image_th	11	86
en iyi duşakabin temizleyicisi	150	9	10	https://www.vitra.com.tr/ilham-veren-fikirler/dusakabin-temizligi-nasil-yapilir/	ai_overview,image_th,question,video_th,sitelink	paid_top,question,video_th,paid_bottom,paid_sitelink	3	3
banyo düzenleme	150	2	6	https://www.vitra.com.tr/ilham-veren-fikirler/banyo-duzenleme/	image,question,image_th,video_th	sitelink,image_th,question,video_th	4	10
normal klozet	150	9		https://www.vitra.com.tr/ilham-veren-fikirler/klozet-secim-rehberi-ve-tavsiyeler/	image,question,video_th		3	
mutfak evyeleri	150	4	13	https://www.vitra.com.tr/ilham-veren-fikirler/en-kullanisli-evye-hangisi/	local_pack,question	image_th,question,video_th	15	2
banyo duşakabin nasıl temizlenir	150	4	1	https://www.vitra.com.tr/ilham-veren-fikirler/dusakabin-temizligi-nasil-yapilir/	ai_overview,image_th,video,question,video_th	snippet,question,video_th,paid_bottom,paid_sitelink	11	22
duş başlığı tutucu nasıl takılır	150	7	10	https://www.vitra.com.tr/ilham-veren-fikirler/dus-basligi-nasil-takilir/	image,video_th,question	video_th,sitelink,paid_bottom,paid_sitelink	4	4
lavabo montajı	150	6	18	https://www.vitra.com.tr/ilham-veren-fikirler/lavabo-bataryasi-montaji-nasil-yapilir/	video,question,video_th	video_th	5	1
rezervuar tamiri	150	1	4	https://www.vitra.com.tr/ilham-veren-fikirler/gomme-rezervuar-tamiri/	image,local_pack,question,sitelink,video_th	video_th,local_pack,image_th,question,sitelink	26	12
duşakabin su lekesi nasıl çıkar	150	6	1	https://www.vitra.com.tr/ilham-veren-fikirler/dusakabin-temizligi-nasil-yapilir/	ai_overview,image_th,video,question,video_th,sitelink	snippet,question,video_th	6	42
gömme evye	150	9	24	https://www.vitra.com.tr/ilham-veren-fikirler/en-kullanisli-evye-hangisi/	image_th	image_th,sitelink,video_th	5	0
lüks küçük banyo modelleri	150	4	9	https://www.vitra.com.tr/ilham-veren-fikirler/modern-banyo-modelleri-ve-tasarim-fikirleri/	image,video_th,question	paid_top,image_th,video_th,question,paid_bottom,paid_sitelink	10	5
vitra gömme rezervuar montaj ölçüleri	150	1	3	https://www.vitra.com.tr/ilham-veren-fikirler/gomme-rezervuar-montaji-nasil-yapilir/	image,question,video_th	question,video_th,sitelink	23	17
lavabo yüksekliği kaç cm olmalı	150	5	3	https://www.vitra.com.tr/ilham-veren-fikirler/lavabo-secim-rehberi-ve-tavsiyeler/	ai_overview,question,video,sitelink,video_th	question,video_th,image_th	9	21
duvara gömme klozet	150	11	14	https://www.vitra.com.tr/ilham-veren-fikirler/gomme-rezervuar-montaji-nasil-yapilir/	image,video,question,image_th,video_th	image_th,question,video_th	2	2
küçük modern banyo modelleri	150	7	1	https://www.vitra.com.tr/ilham-veren-fikirler/kucuk-banyo-dekorasyonu/	image_th,question	question,image_th,video_th	6	43
vitra ahşap görünümlü seramik	150	1	1	https://www.vitra.com.tr/ilham-veren-fikirler/ahsap-gorunumlu-seramik-modelleri/	image,video_th	paid_top,image_th,sitelink,video_th,paid_bottom,paid_sitelink	17	21
rustik banyo	150	3	28	https://www.vitra.com.tr/ilham-veren-fikirler/rustik-banyolar/	video,question,paid_bottom,paid_sitelink	image_th,video_th	14	0
klozet kapağı montaj aparatı	150	6	10	https://www.vitra.com.tr/ilham-veren-fikirler/klozet-kapagi-montaji-nasil-yapilir/	video,question	image_th,video_th	8	5
vitra ne demek	150	4	14	https://www.vitra.com.tr/ilham-veren-fikirler/vitrifiye-urun-gruplari-nelerdir/	question,image	snippet,question,sitelink,video_th	9	1
rezervuar ne demek tıp	150	4	15	https://www.vitra.com.tr/ilham-veren-fikirler/rezervuar-nedir/	question	snippet,question,sitelink,image_th,video_th	11	1
banyo süsleme fikirleri	150	3	9	https://www.vitra.com.tr/ilham-veren-fikirler/banyo-dekorasyonu-fikirleri/	video,question,image_th,video_th	image_th,video_th,paid_bottom,paid_sitelink	8	3
batarya bağlantısı	150	3	16	https://www.vitra.com.tr/ilham-veren-fikirler/lavabo-bataryasi-montaji-nasil-yapilir/	video,image_th,video_th	image_th,video_th,question	20	2
klozet tipleri	150	4		https://www.vitra.com.tr/ilham-veren-fikirler/klozet-secim-rehberi-ve-tavsiyeler/	image,question,ai_overview,image_th,video_th		6	
duşakabindeki su lekeleri nasıl çıkar	150	1	9	https://www.vitra.com.tr/ilham-veren-fikirler/dusakabin-temizligi-nasil-yapilir/	ai_overview,image_th,question,sitelink,video_th	snippet,question,video_th,sitelink	10	5
banyo yapımı	150	5		https://www.vitra.com.tr/ilham-veren-fikirler/banyo-tadilatina-nereden-baslamali/	image,video,question,video_th		8	
standart lavabo yüksekliği	150	4	1	https://www.vitra.com.tr/ilham-veren-fikirler/lavabo-secim-rehberi-ve-tavsiyeler/	ai_overview,question	question	9	32
vitra klozet kapağı damperi	150	8	19	https://www.vitra.com.tr/ilham-veren-fikirler/klozet-kapagi-montaji-nasil-yapilir/	image,image_th,video_th	image_th,video_th,sitelink	5	1
mutfak dizayn modelleri	150	1	19	https://www.vitra.com.tr/ilham-veren-fikirler/mutfak-dekorasyonu-nasil-yapilir/	image,video,question,video_th,sitelink,image_th	image_th,sitelink,video_th,paid_bottom,paid_sitelink	5	1
banyo bataryası tesisat ölçüleri	150	3	12	https://www.vitra.com.tr/ilham-veren-fikirler/banyo-bataryasi-nasil-takilir/	question	question,video_th,sitelink	14	3
duvar rezervuar	150	9		https://www.vitra.com.tr/ilham-veren-fikirler/gomme-rezervuar-montaji-nasil-yapilir/	question,video		5	
banyo düzeni nasıl olmalı	150	1	1	https://www.vitra.com.tr/ilham-veren-fikirler/banyo-duzenleme/	image,question	question,image_th,video_th	10	45
banyo renk kombinasyonu	150	1	3	https://www.vitra.com.tr/ilham-veren-fikirler/renklerin-gucu/	image,ai_overview,image_th,question	question,image_th,sitelink,video_th	8	18
siyah beyaz banyo modelleri	150	1	3	https://www.vitra.com.tr/ilham-veren-fikirler/siyah-ve-beyaz-siklik/	image,question	image_th,video_th,paid_bottom,paid_sitelink	1	7
tuvalet bide	150	1	6	https://www.vitra.com.tr/ilham-veren-fikirler/bide-nedir/	image,question	question,image_th,video_th,sitelink	11	9
banyo duşakabin temizliği	150	1	1	https://www.vitra.com.tr/ilham-veren-fikirler/dusakabin-temizligi-nasil-yapilir/	ai_overview,image_th,question,image,video_th	snippet,question,video_th	19	46
dikdörtgen evye	150	5	9	https://www.vitra.com.tr/ilham-veren-fikirler/en-kullanisli-evye-hangisi/	image_th	image_th,sitelink	12	6
kullanışlı banyo modelleri	150	4	16	https://www.vitra.com.tr/ilham-veren-fikirler/banyo-dekorasyonu-fikirleri/	question	paid_top,paid_sitelink,image_th,question,video_th,paid_bottom	12	1
banyo lavabo bataryası nasıl takılır	150	3	5	https://www.vitra.com.tr/ilham-veren-fikirler/lavabo-bataryasi-montaji-nasil-yapilir/	image,question,video_th	snippet,video_th,question	15	14
engelli banyo aparatları	150	11		https://www.vitra.com.tr/ilham-veren-fikirler/herkes-icin-tasarim/	image,image_th,question		2	
vitra eviye	150	5	92	https://www.vitra.com.tr/ilham-veren-fikirler/en-kullanisli-evye-hangisi/	sitelink	sitelink,image_th	12	0
vitra mutfak evyesi	150	3	9	https://www.vitra.com.tr/ilham-veren-fikirler/en-kullanisli-evye-hangisi/	image_th,question	sitelink,image_th	17	5
porselen evye modelleri	150	11	11	https://www.vitra.com.tr/ilham-veren-fikirler/en-kullanisli-evye-hangisi/	image,question	image_th,question,video_th	3	4
evye mi eviye mi	150	9	15	https://www.vitra.com.tr/ilham-veren-fikirler/en-kullanisli-evye-hangisi/	ai_overview,question,video_th	snippet,question,sitelink,video_th	3	1
eviye mutfak	150	8	31	https://www.vitra.com.tr/ilham-veren-fikirler/en-kullanisli-evye-hangisi/	image,question	image_th,sitelink,video_th	4	0
granit banyo	150	6	1	https://www.vitra.com.tr/ilham-veren-fikirler/mutfak-ve-banyolarda-granit-sikligi/	question	question,image_th,video_th	4	7
mutfak yapımı	150	2		https://www.vitra.com.tr/ilham-veren-fikirler/mutfak-dekorasyonu-nasil-yapilir/	image,local_pack,question		2	
tezgah altı evye ölçüleri	150	11	14	https://www.vitra.com.tr/ilham-veren-fikirler/en-kullanisli-evye-hangisi/	ai_overview,image_th,image,question	image_th,question,video_th	2	2
vitra klozet kapağı montajı	150	1	2	https://www.vitra.com.tr/ilham-veren-fikirler/klozet-kapagi-montaji-nasil-yapilir/	question,video_th	video_th,question,sitelink	54	25
tahta görünümlü fayans	150	8	6	https://www.vitra.com.tr/ilham-veren-fikirler/ahsap-gorunumlu-seramik-modelleri/	image_th,question	image_th,video_th	5	12
tepe duş başlığı nasıl sökülür	150	3	8	https://www.vitra.com.tr/ilham-veren-fikirler/dus-basligi-nasil-takilir/	image,question	video_th,question,sitelink,paid_bottom,paid_sitelink	14	7
güzel mutfak dekorasyonları	150	1		https://www.vitra.com.tr/ilham-veren-fikirler/mutfak-dekorasyonu-nasil-yapilir/	image,image_th,video,question		4	
yeni nesil banyo	150	2	1	https://www.vitra.com.tr/ilham-veren-fikirler/yeni-nesil-sehirli/	image_th,video,video_th,question	image_th,question,video_th,paid_bottom,paid_sitelink	22	60
duşakabin camı temizleme	150	1	1	https://www.vitra.com.tr/ilham-veren-fikirler/dusakabin-temizligi-nasil-yapilir/	ai_overview,image_th,video,question,video_th	snippet,image_th,question,video_th	22	43
gömme klozet montajı	150	2	4	https://www.vitra.com.tr/ilham-veren-fikirler/gomme-rezervuar-montaji-nasil-yapilir/	video_th,question	video_th	20	18
vitra banyo lavabo	150	3	80	https://www.vitra.com.tr/ilham-veren-fikirler/dikkat-cekici-surdurulebilir-secenekler-lavabo-trendleri/	image	sitelink,image_th,video_th	3	0
duş içi niş	150	1	3	https://www.vitra.com.tr/ilham-veren-fikirler/banyo-nis-modelleri-ve-dekorasyonu/	image,question,video_th	image_th,question,video_th	15	19
duşakabin kireç temizleme	150	8	1	https://www.vitra.com.tr/ilham-veren-fikirler/dusakabin-temizligi-nasil-yapilir/	ai_overview,image_th,question,video,video_th	snippet,question,video_th,paid_bottom,paid_sitelink	4	39
uzun mutfak dekorasyonu	150	1	9	https://www.vitra.com.tr/ilham-veren-fikirler/mutfak-dekorasyonu-nasil-yapilir/	image,video_th,question	image_th,video_th,sitelink	4	7
gömme rezervuar su kaçiriyor	150	4	6	https://www.vitra.com.tr/ilham-veren-fikirler/gomme-rezervuar-tamiri/	question,image,video_th	video_th,question	11	10
eviye mi evye mi	150	5	15	https://www.vitra.com.tr/ilham-veren-fikirler/en-kullanisli-evye-hangisi/	ai_overview,image_th,question,image,video_th	snippet,question,sitelink,video_th	5	1
sifon tamiri nasıl yapılır	150	2	3	https://www.vitra.com.tr/ilham-veren-fikirler/gomme-rezervuar-tamiri/	video_th,question	video_th,image_th,question,sitelink	21	19
bide ne işe yarar	150	1	1	https://www.vitra.com.tr/ilham-veren-fikirler/bide-nedir/	ai_overview,image_th,question,image,video_th	snippet,question,video_th,sitelink	15	30
klozet iç takımı nasıl takılır	100	6		https://www.vitra.com.tr/ilham-veren-fikirler/gomme-rezervuar-montaji-nasil-yapilir/	video_th,image,question		5	
mutfak evyesi ölçüleri	100	11		https://www.vitra.com.tr/ilham-veren-fikirler/en-kullanisli-evye-hangisi/	image,ai_overview,image_th,question		1	
banyo vitrifiye	100	4	9	https://www.vitra.com.tr/ilham-veren-fikirler/vitrifiye-urun-gruplari-nelerdir/	image,question	image_th,knowledge_panel,question,sitelink,video_th	2	4
dolap mutfak modelleri	100	1		https://www.vitra.com.tr/ilham-veren-fikirler/mutfak-dekorasyonu-nasil-yapilir/	image		1	
vitra banyo seramik kataloğu	100	2	75	https://www.vitra.com.tr/ilham-veren-fikirler/yeni-nesil-sehirli/	image	image_th,sitelink	2	0
en iyi evye markası	100	8	34	https://www.vitra.com.tr/ilham-veren-fikirler/en-kullanisli-evye-hangisi/	ai_overview,image_th,sitelink,question	snippet,question,sitelink,video_th	3	0
cam duşakabin nasıl temizlenir	100	1	1	https://www.vitra.com.tr/ilham-veren-fikirler/dusakabin-temizligi-nasil-yapilir/	ai_overview,image_th,question,video_th	snippet,image_th,paid_top,paid_sitelink,question,video_th,sitelink,paid_bottom	6	30
yeni nesil lavabo	100	1		https://www.vitra.com.tr/ilham-veren-fikirler/yeni-nesil-sehirli/	image,question,video_th		3	
banyo tadilat fikirleri	100	4	10	https://www.vitra.com.tr/ilham-veren-fikirler/banyonuzu-yenileme-cozumleri/	question,ai_overview,image_th	paid_top,image_th,video_th,question,sitelink,paid_bottom,paid_sitelink	3	3
duvara monte klozet montajı	100	1	17	https://www.vitra.com.tr/ilham-veren-fikirler/gomme-rezervuar-montaji-nasil-yapilir/	image,video_th,question	video_th	8	1
duşakabin ne ile temizlenir	100	4	1	https://www.vitra.com.tr/ilham-veren-fikirler/dusakabin-temizligi-nasil-yapilir/	ai_overview,image_th,question,video	snippet,question,video_th	7	29
mutfak dolabı dekorasyon	100	1	29	https://www.vitra.com.tr/ilham-veren-fikirler/mutfak-dekorasyonu-nasil-yapilir/	image,local_pack	image_th,video_th	3	0
mutfak teknesi	100	1		https://www.vitra.com.tr/ilham-veren-fikirler/en-kullanisli-evye-hangisi/	image,image_th,question		5	
vitra banyo tasarımları	100	2	12	https://www.vitra.com.tr/ilham-veren-fikirler/kucuk-banyo-dekorasyonu/	image,video_th	sitelink,image_th,video_th	18	2
vitra klozet kapağı amortisörü	100	7		https://www.vitra.com.tr/ilham-veren-fikirler/klozet-kapagi-montaji-nasil-yapilir/	video,question		5	
mutfak dizaynı modelleri	100	1	21	https://www.vitra.com.tr/ilham-veren-fikirler/mutfak-dekorasyonu-nasil-yapilir/	image,question,video_th	image_th,sitelink,video_th,paid_bottom,paid_sitelink	2	0
banyo bide	100	7	14	https://www.vitra.com.tr/ilham-veren-fikirler/bide-nedir/	question,video_th	question,image_th,video_th,sitelink	5	1
küçük banyo fikirleri	100	1	12	https://www.vitra.com.tr/ilham-veren-fikirler/kucuk-banyo-dekorasyonu/	image,sitelink,question,image_th,video_th	paid_top,paid_sitelink,image_th,video_th,paid_bottom	7	2
engelli banyo tasarımı	100	2	3	https://www.vitra.com.tr/ilham-veren-fikirler/herkes-icin-tasarim/	image_th,question	paid_top,paid_sitelink,image_th,video_th,sitelink,paid_bottom	18	16
ahşap görünümlü	100	7	3	https://www.vitra.com.tr/ilham-veren-fikirler/ahsap-gorunumlu-seramik-modelleri/	image,question	image_th,video_th,paid_bottom,paid_sitelink	0	2
yeni model banyolar	100	1		https://www.vitra.com.tr/ilham-veren-fikirler/yeni-nesil-sehirli/	image,question		2	
vitra siyah klozet	100	9		https://www.vitra.com.tr/ilham-veren-fikirler/klozet-secim-rehberi-ve-tavsiyeler/	image,image_th,question		2	
vitra gömme rezervuar su kaçiriyor	100	2	3	https://www.vitra.com.tr/ilham-veren-fikirler/gomme-rezervuar-tamiri/	question,image,video_th	video_th,question,image_th	11	13
karo taşı döşeme	100	7	4	https://www.vitra.com.tr/ilham-veren-fikirler/karo-nasil-dosenir/	question,video_th	video_th,question	5	10
gömme rezarvuar	100	9	14	https://www.vitra.com.tr/ilham-veren-fikirler/gomme-rezervuar-montaji-nasil-yapilir/	question	image_th,question,video_th	3	1
klozet kapağı takma	100	2	7	https://www.vitra.com.tr/ilham-veren-fikirler/klozet-kapagi-montaji-nasil-yapilir/	video_th,question	video_th,sitelink	29	8
son model mutfak modelleri	100	1	29	https://www.vitra.com.tr/ilham-veren-fikirler/mutfak-dekorasyonu-nasil-yapilir/	image,image_th	image_th,video_th,paid_bottom,paid_sitelink	3	0
tuvalet sifonu tamiri	100	4	9	https://www.vitra.com.tr/ilham-veren-fikirler/gomme-rezervuar-tamiri/	video,question,sitelink	video_th,question,image_th,sitelink	8	3
alafranga tuvalet ölçüleri	100	5	2	https://www.vitra.com.tr/ilham-veren-fikirler/klozet-secim-rehberi-ve-tavsiyeler/	question,video_th	question,image_th,video_th,sitelink	3	6
vitra kanalsız asma klozet	100	9	21	https://www.vitra.com.tr/ilham-veren-fikirler/kanalsiz-klozet-nedir-ve-nasil-calisir/	image,question,image_th	sitelink,image_th,video_th	3	0
klozet nedir	100	5	4	https://www.vitra.com.tr/ilham-veren-fikirler/kanalsiz-klozet-nedir-ve-nasil-calisir/	ai_overview,question,image_th,video_th	image_th,question,video_th,sitelink,knowledge_panel	6	8
klozet montaj ölçüleri	100	5		https://www.vitra.com.tr/ilham-veren-fikirler/klozet-secim-rehberi-ve-tavsiyeler/	image,question,video_th		6	
vitra ankastre banyo bataryası montajı	100	3	37	https://www.vitra.com.tr/ilham-veren-fikirler/lavabo-bataryasi-montaji-nasil-yapilir/	video_th	paid_top,video_th,sitelink,paid_bottom,paid_sitelink	28	0
mutfak dekorasyon örnekleri	100	1	16	https://www.vitra.com.tr/ilham-veren-fikirler/mutfak-dekorasyonu-nasil-yapilir/	image,question,image_th,video_th	image_th,sitelink,video_th	1	0
ankastre lavabo bataryası montaj yüksekliği	100	4	2	https://www.vitra.com.tr/ilham-veren-fikirler/lavabo-bataryasi-montaji-nasil-yapilir/	ai_overview,image_th,question,video_th	snippet,question,video_th,sitelink,paid_bottom,paid_sitelink	8	15
hazır banyo nişi	100	1	8	https://www.vitra.com.tr/ilham-veren-fikirler/banyo-nis-modelleri-ve-dekorasyonu/	image,question,video_th	image_th,video_th	6	5
duvar içi sifon	100	9		https://www.vitra.com.tr/ilham-veren-fikirler/gomme-rezervuar-tamiri/	video,image,question,image_th		2	
niş modelleri banyo	100	2	3	https://www.vitra.com.tr/ilham-veren-fikirler/banyo-nis-modelleri-ve-dekorasyonu/	image_th,question,video,video_th	image_th,question,video_th	19	18
bide nedir nasıl kullanılır	100	3	4	https://www.vitra.com.tr/ilham-veren-fikirler/bide-nedir/	ai_overview,image_th,question,sitelink	snippet,question,video_th,sitelink	8	7
banyo niş yapımı	100	4	11	https://www.vitra.com.tr/ilham-veren-fikirler/banyo-nis-modelleri-ve-dekorasyonu/	video_th,question	video_th,image_th	10	3
klozet olculeri	100	8	1	https://www.vitra.com.tr/ilham-veren-fikirler/klozet-secim-rehberi-ve-tavsiyeler/	image,question	question,image_th,video_th	3	26
yeşil banyo modelleri	100	1		https://www.vitra.com.tr/ilham-veren-fikirler/rustik-banyolar/	image,question,image_th		2	
gömme rezervuar nasıl sökülür	100	8	6	https://www.vitra.com.tr/ilham-veren-fikirler/gomme-rezervuar-tamiri/	video_th,question,image,sitelink	video_th,question,sitelink	3	8
asma klozet yerden yüksekliği ne olmalı	100	5	4	https://www.vitra.com.tr/ilham-veren-fikirler/klozet-secim-rehberi-ve-tavsiyeler/	ai_overview,image_th,question	snippet,image_th,question,video_th,paid_bottom,paid_sitelink	7	10
klozet kapağı değişimi	100	2		https://www.vitra.com.tr/ilham-veren-fikirler/klozet-kapagi-montaji-nasil-yapilir/	image,video_th		12	
banyo ayna aydınlatma	100	6		https://www.vitra.com.tr/ilham-veren-fikirler/banyo-aydinlatmasi-ve-led-ayna-secimi			9	
eklektik tarz ne demek	100	8	9	https://www.vitra.com.tr/ilham-veren-fikirler/eklektik-banyo/	ai_overview,image_th,question	snippet,image_th,question,sitelink,video_th	3	3
çanak lavabo yüksekliği	100	8	5	https://www.vitra.com.tr/ilham-veren-fikirler/lavabo-secim-rehberi-ve-tavsiyeler/	question,ai_overview,image_th	question,image_th,sitelink	3	8
duşakabin temizliği kireç lekeleri	100	8	5	https://www.vitra.com.tr/ilham-veren-fikirler/dusakabin-temizligi-nasil-yapilir/	ai_overview,image_th,video,question,video_th	snippet,image_th,question,video_th,sitelink	3	7
yuvarlak evye ölçüleri	100	5	23	https://www.vitra.com.tr/ilham-veren-fikirler/en-kullanisli-evye-hangisi/	image,question,image_th	question,image_th,sitelink,video_th	5	0
duşakabin lekeleri nasıl çıkar	100	3	1	https://www.vitra.com.tr/ilham-veren-fikirler/dusakabin-temizligi-nasil-yapilir/	ai_overview,image_th,question,video_th	snippet,question,video_th	10	33
klozet ne demek	100	1	10	https://www.vitra.com.tr/ilham-veren-fikirler/kanalsiz-klozet-nedir-ve-nasil-calisir/	ai_overview,image_th,question,video_th,image	question,knowledge_panel,video_th	9	3
vitra klozet ölçüleri	100	8		https://www.vitra.com.tr/ilham-veren-fikirler/klozet-secim-rehberi-ve-tavsiyeler/	image,question		3	
asma lavabo montajı	100	9	41	https://www.vitra.com.tr/ilham-veren-fikirler/lavabo-montaji-nasil-yapilir	video,question,video_th	video_th,question,sitelink	3	0
klozet cesitleri	100	4	5	https://www.vitra.com.tr/ilham-veren-fikirler/klozet-secim-rehberi-ve-tavsiyeler/	image,question,ai_overview,image_th,video_th	image_th,question,video_th	4	2
evye tezgah	100	7		https://www.vitra.com.tr/ilham-veren-fikirler/en-kullanisli-evye-hangisi/	image		5	
duvara gömme rezervuar	100	1		https://www.vitra.com.tr/ilham-veren-fikirler/gomme-rezervuar-montaji-nasil-yapilir/	image,question,image_th		3	
dar uzun mutfak dolabı modelleri	100	1		https://www.vitra.com.tr/ilham-veren-fikirler/mutfak-dekorasyonu-nasil-yapilir/	image,video_th,question		3	
banyo bataryası değiştirme	100	1	5	https://www.vitra.com.tr/ilham-veren-fikirler/banyo-bataryasi-nasil-takilir/	image,question,video_th	video_th,question	25	8
duşakabin kireçleri nasıl temizlenir	100	5	1	https://www.vitra.com.tr/ilham-veren-fikirler/dusakabin-temizligi-nasil-yapilir/	ai_overview,image_th,video,question,video_th	snippet,question,video_th	6	31
klozet ebatları	100	1	1	https://www.vitra.com.tr/ilham-veren-fikirler/klozet-secim-rehberi-ve-tavsiyeler/	ai_overview,image_th,image,question	image_th,question,video_th	3	20
banyo niş aksesuarları	100	5	4	https://www.vitra.com.tr/ilham-veren-fikirler/banyo-nis-modelleri-ve-dekorasyonu/	video_th,question	image_th,sitelink,video_th	8	14
banyo duzeni	100	5	5	https://www.vitra.com.tr/ilham-veren-fikirler/banyo-duzenleme/	question	image_th,question,video_th	8	13
vitra mutfak dolabı	100	1	1	https://www.vitra.com.tr/ilham-veren-fikirler/mutfak-dekorasyonu-nasil-yapilir/	image	image_th,sitelink	39	53
kireçli duşakabin nasıl temizlenir	100	4	1	https://www.vitra.com.tr/ilham-veren-fikirler/dusakabin-temizligi-nasil-yapilir/	ai_overview,image_th,question,video_th	snippet,question,video_th	8	32
gömme klozet yerden yüksekliği	100	4	12	https://www.vitra.com.tr/ilham-veren-fikirler/klozet-secim-rehberi-ve-tavsiyeler/	ai_overview,image_th,question,video_th	snippet,image_th,question,video_th	8	2
limon tuzu ile duşakabin temizliği	100	6	1	https://www.vitra.com.tr/ilham-veren-fikirler/dusakabin-temizligi-nasil-yapilir/	ai_overview,image_th,question,video_th	snippet,question,video_th	6	36
banyo batarya ölçüleri	100	7	4	https://www.vitra.com.tr/ilham-veren-fikirler/banyo-bataryasi-nasil-secilir/	question,ai_overview,image_th	question,image_th	3	11
mutfak modern	100	1		https://www.vitra.com.tr/ilham-veren-fikirler/mutfak-dekorasyonu-nasil-yapilir/	image,local_pack,image_th,video_th		4	
kanalsız klozet kullanışlı mı	100	1	5	https://www.vitra.com.tr/ilham-veren-fikirler/kanalsiz-klozet-nedir-ve-nasil-calisir/	ai_overview,image_th,question	snippet,question,video_th,sitelink,paid_bottom,paid_sitelink	16	9
klozet ölçü	100	6	2	https://www.vitra.com.tr/ilham-veren-fikirler/klozet-secim-rehberi-ve-tavsiyeler/	image,question,video_th	question,image_th,sitelink,video_th	1	5
banyo lavabo yüksekliği kaç olmalı	100	5	2	https://www.vitra.com.tr/ilham-veren-fikirler/lavabo-secim-rehberi-ve-tavsiyeler/	ai_overview,image_th,question,video_th	question,video_th,sitelink	6	16
mutfak levyesi	100	4		https://www.vitra.com.tr/ilham-veren-fikirler/en-kullanisli-evye-hangisi/	image_th,question		10	
vitra klozet iç takım değişimi	100	6		https://www.vitra.com.tr/ilham-veren-fikirler/gomme-rezervuar-tamiri/	image,video_th,question		4	
dar lavabo	100	1	6	https://www.vitra.com.tr/ilham-veren-fikirler/dar-banyolar-icin-kullanisli-lavabo-alternatifleri/	image,video_th	image_th	8	8
mutfak tezgahı lavabosu	100	8	14	https://www.vitra.com.tr/ilham-veren-fikirler/en-kullanisli-evye-hangisi/	image_th,question	paid_top,image_th,video_th,paid_bottom	3	1
bide lavabo	100	7	8	https://www.vitra.com.tr/ilham-veren-fikirler/bide-nedir/	question,image_th,ai_overview	question,image_th	6	5
dikdörtgen mutfak dekorasyonu	100	1		https://www.vitra.com.tr/ilham-veren-fikirler/mutfak-dekorasyonu-nasil-yapilir/	image		3	
banyo bataryası nasıl değiştirilir	100	2	3	https://www.vitra.com.tr/ilham-veren-fikirler/banyo-bataryasi-nasil-takilir/	video_th,question,ai_overview,image_th	question	17	12
mutfak fikirleri	100	1		https://www.vitra.com.tr/ilham-veren-fikirler/mutfak-dekorasyonu-nasil-yapilir/	image		2	
tezgaha sıfır evye	100	4		https://www.vitra.com.tr/ilham-veren-fikirler/en-kullanisli-evye-hangisi/	image_th,ai_overview,video_th		7	
vitra renkli klozet	100	7		https://www.vitra.com.tr/ilham-veren-fikirler/klozet-secim-rehberi-ve-tavsiyeler/	sitelink,image		5	
duş başlığı nasıl sökülür	100	4	12	https://www.vitra.com.tr/ilham-veren-fikirler/dus-basligi-nasil-takilir/	image,video_th,question	video_th,question,sitelink	7	2
vidalı klozet kapağı	100	5		https://www.vitra.com.tr/ilham-veren-fikirler/klozet-kapagi-montaji-nasil-yapilir/	image,question		6	
niş örnekleri	100	7	13	https://www.vitra.com.tr/ilham-veren-fikirler/banyo-nis-modelleri-ve-dekorasyonu/	image,image_th,question,video,ai_overview,video_th	image_th,question,video_th	1	0
klozet alırken nelere dikkat edilmeli	100	8	3	https://www.vitra.com.tr/ilham-veren-fikirler/klozet-secim-rehberi-ve-tavsiyeler/	ai_overview,image_th,question,video,sitelink	question,video_th,sitelink	3	15
lavabo temizliği	100	7	25	https://www.vitra.com.tr/ilham-veren-fikirler/banyo-temizligi-nasil-yapilir/	ai_overview,image_th,question,video_th	snippet,question,video_th,sitelink	4	0
vitra vitrifiye	100	3	3	https://www.vitra.com.tr/ilham-veren-fikirler/vitrifiye-urun-gruplari-nelerdir/	sitelink,image	sitelink,question,image_th,paid_bottom,paid_sitelink	8	7
mini evye	100	6		https://www.vitra.com.tr/ilham-veren-fikirler/en-kullanisli-evye-hangisi/	image_th		6	
klozet tamiri nasıl yapılır	100	2	4	https://www.vitra.com.tr/ilham-veren-fikirler/gomme-rezervuar-tamiri/	question,sitelink	video_th,sitelink	15	14
ahşap görünümlü seramik 60x120	100	6	7	https://www.vitra.com.tr/ilham-veren-fikirler/ahsap-gorunumlu-seramik-modelleri/	image_th,video_th,question	image_th	7	8
mutfak tezgah evyesi	100	3	11	https://www.vitra.com.tr/ilham-veren-fikirler/en-kullanisli-evye-hangisi/	image_th,question	paid_top,image_th,video_th,paid_bottom,paid_sitelink	11	3
parke görünümlü fayans banyo	100	8	24	https://www.vitra.com.tr/ilham-veren-fikirler/ahsap-gorunumlu-seramik-modelleri/	image_th,video,question	question,image_th,video_th	4	0
ahşap görünümlü kalebodur	90	7	4	https://www.vitra.com.tr/ilham-veren-fikirler/ahsap-gorunumlu-seramik-modelleri/	image_th,question	image_th,video_th,paid_bottom,paid_sitelink	4	10
uzun mutfak modelleri	90	1		https://www.vitra.com.tr/ilham-veren-fikirler/mutfak-dekorasyonu-nasil-yapilir/	image,video_th,question		1	
banyo lavabo yerden yükseklik	90	5	2	https://www.vitra.com.tr/ilham-veren-fikirler/lavabo-secim-rehberi-ve-tavsiyeler/	ai_overview,image_th,question,video_th	question,video_th,image_th,sitelink	5	14
vitra havlu askısı	90	7		https://www.vitra.com.tr/ilham-veren-fikirler/banyo-askisi-nasil-takilir/	image		4	
duşakabinli küvet	90	10		https://www.vitra.com.tr/ilham-veren-fikirler/kuvet-mi-dusakabin-mi-secim-rehberi	image		2	
ahşap desen seramik	90	1	1	https://www.vitra.com.tr/ilham-veren-fikirler/ahsap-gorunumlu-seramik-modelleri/	image,image_th,sitelink	image_th,video_th	9	46
modern evye	90	6	12	https://www.vitra.com.tr/ilham-veren-fikirler/en-kullanisli-evye-hangisi/	image_th,sitelink	image_th,video_th,paid_bottom,paid_sitelink	6	2
deck görünümlü seramik	90	7	45	https://www.vitra.com.tr/ilham-veren-fikirler/ahsap-gorunumlu-seramik-modelleri/	image_th	image_th,video_th,sitelink	5	0
engelli banyosu	90	1		https://www.vitra.com.tr/ilham-veren-fikirler/herkes-icin-tasarim/	image,question,video_th		5	
mutfal	90	1		https://www.vitra.com.tr/ilham-veren-fikirler/mutfak-dekorasyonu-nasil-yapilir/	image,local_pack,image_th		3	
banyoda niş nasıl yapılır	90	7	13	https://www.vitra.com.tr/ilham-veren-fikirler/banyo-nis-modelleri-ve-dekorasyonu/	image,video_th,question	video_th,question,image_th	3	1
tuvalet seramik modelleri	90	1		https://www.vitra.com.tr/ilham-veren-fikirler/kucuk-banyolar-icin-karo-secimi-nasil-olmali/	image		3	
ahşap görünümlü seramik banyo modelleri	90	8	1	https://www.vitra.com.tr/ilham-veren-fikirler/ahsap-gorunumlu-seramik-modelleri/	image,image_th,question,video_th	image_th,sitelink,question	3	36
klozet yüksekliği kaç olmalı	90	1	1	https://www.vitra.com.tr/ilham-veren-fikirler/klozet-secim-rehberi-ve-tavsiyeler/	ai_overview,image_th,question,video_th	snippet,question,video_th	13	26
banyo aydınlatma fikirleri	90	5		https://www.vitra.com.tr/ilham-veren-fikirler/banyo-aydinlatmasi-ve-led-ayna-secimi	image,question,ai_overview,image_th		2	
celik evye	90	6		https://www.vitra.com.tr/ilham-veren-fikirler/en-kullanisli-evye-hangisi/	image_th,question		5	
sağlıklı klozet	90	8		https://www.vitra.com.tr/ilham-veren-fikirler/saglikli-klozet-nasil-olmali	image_th,video_th,question		3	
tuvalet tasarımı	90	11		https://www.vitra.com.tr/ilham-veren-fikirler/banyo-tasarimi-ve-uygulama/	image,video_th,image_th,question		1	
banyo dekorasyonu modelleri	90	9	8	https://www.vitra.com.tr/ilham-veren-fikirler/banyo-dekorasyonu-fikirleri/	video,video_th,question	image_th,question,video_th	2	1
mutfak odası	90	1		https://www.vitra.com.tr/ilham-veren-fikirler/mutfak-dekorasyonu-nasil-yapilir/	image,image_th		0	
vitra balıksırtı seramik	90	8	9	https://www.vitra.com.tr/ilham-veren-fikirler/modern-karo-cozumleri/	image_th,video_th	paid_top,sitelink,image_th,video_th,question,paid_bottom,paid_sitelink	4	3
banyo düzen	90	1	10	https://www.vitra.com.tr/ilham-veren-fikirler/banyo-duzenleme/	image,question	sitelink,image_th,video_th,question,paid_bottom,paid_sitelink	6	2
gömme rezervuar nedir	90	1	2	https://www.vitra.com.tr/ilham-veren-fikirler/rezervuar-nedir/	ai_overview,image_th,question	snippet,image_th,question,video_th	11	12
vitra yer seramik	90	3		https://www.vitra.com.tr/ilham-veren-fikirler/yeni-nesil-sehirli/	image,question		1	
bidet nasıl kullanılır	90	6	2	https://www.vitra.com.tr/ilham-veren-fikirler/bide-nedir/	video,question,sitelink	question,video_th,sitelink	3	7
asma klozet yüksekliği	90	7		https://www.vitra.com.tr/ilham-veren-fikirler/klozet-secim-rehberi-ve-tavsiyeler/	question,ai_overview,image_th,video		3	
mutfak tezgah lavabo modelleri	90	7		https://www.vitra.com.tr/ilham-veren-fikirler/en-kullanisli-evye-hangisi/	image_th,question		4	
duşakabin su lekesi	90	9	2	https://www.vitra.com.tr/ilham-veren-fikirler/dusakabin-temizligi-nasil-yapilir/	ai_overview,image_th,question,image	snippet,image_th,question,video_th	2	8
kare lavabo mutfak	90	9	16	https://www.vitra.com.tr/ilham-veren-fikirler/en-kullanisli-evye-hangisi/	image,question	image_th,sitelink,question,video_th,paid_bottom,paid_sitelink	2	1
dolap kapak ölçüleri	90	3		https://www.vitra.com.tr/ilham-veren-fikirler/dogru-banyo-dolabi-olculeri-nedir	question,image_th,ai_overview,sitelink		6	
küçük evye	90	7	25	https://www.vitra.com.tr/ilham-veren-fikirler/en-kullanisli-evye-hangisi/	image_th,question	image_th,video_th	6	0
kare mutfak evyesi	90	5		https://www.vitra.com.tr/ilham-veren-fikirler/en-kullanisli-evye-hangisi/	image,question,video_th,image_th		5	
yavaş kapanan klozet kapağı montaj vidası	90	7	4	https://www.vitra.com.tr/ilham-veren-fikirler/klozet-kapagi-montaji-nasil-yapilir/	question,video_th	image_th,video_th	4	11
banyo tezgahi	90	1		https://www.vitra.com.tr/ilham-veren-fikirler/luks-banyo-tezgahi-tasarimlari-2023/	image,question		2	
banyo niş süsleri	90	1	4	https://www.vitra.com.tr/ilham-veren-fikirler/banyo-nis-modelleri-ve-dekorasyonu/	image,image_th,question	image_th,question,sitelink	7	10
banyo neyle temizlenir	90	6	4	https://www.vitra.com.tr/ilham-veren-fikirler/banyo-temizligi-nasil-yapilir/	ai_overview,image_th,question,sitelink	snippet,question,video_th	4	8
dar lavabo modelleri	90	10		https://www.vitra.com.tr/ilham-veren-fikirler/dar-banyolar-icin-kullanisli-lavabo-alternatifleri/	image_th,question		2	
mutfak dizayn fikirleri	90	1	19	https://www.vitra.com.tr/ilham-veren-fikirler/mutfak-dekorasyonu-nasil-yapilir/	image,question,image_th	image_th,sitelink,video_th	2	0
trend mutfak modelleri	90	1		https://www.vitra.com.tr/ilham-veren-fikirler/mutfak-dekorasyonu-nasil-yapilir/	image,sitelink,image_th,question,video_th		2	
