klozet kapağı nasıl takılır	199	42366	4.8
gömme klozet su kaçırıyorsa çok basit tamiri	410	33374	3.9
duşakabin nasıl temizlenir	447	17485	2.4
amortisörlü klozet kapağı nasıl takılır	44	10206	4.9
gömme rezervuar su kaçırıyor	48	9479	7.0
üstten vidalı klozet kapağı nasıl takılır	46	9342	5.8
eski tip klozet kapağı nasıl takılır	35	7749	5.4
tezgah üstü musluk nasıl takılır	53	6919	4.2
basmalı rezervuar iç takımı nasıl takılır	35	6443	7.0
banyo batarya contası nasıl değiştirilir	39	6359	5.9
duşakabin kireci nasıl temizlenir	54	5944	6.1
duşakabin montajı nasıl yapılır	68	5952	4.3
bide nasıl kullanılır	104	5895	3.2
yavaş kapanan klozet kapağı nasıl takılır	27	5514	4.8
banyo bataryası nasıl takılır	46	5342	4.7
klozet su kaçırıyorsa çok basit tamiri	18	5300	5.9
lavabo bataryası nasıl takılır	27	4434	5.6
klozet kapağı nasıl değiştirilir	44	4506	5.8
duş başlığı nasıl takılır	38	3578	5.2
gömme rezervuar montajı nasıl yapılır	32	3077	4.6
vitra rezervuar iç takımı montajı nasıl yapılır	66	2853	4.5
