en-kullanisli-evye-hangisi	12719	612262	7.0
dusakabin-temizligi-nasil-yapilir	8623	558825	4.0
gomme-rezervuar-tamiri	6653	614684	5.7
ahsap-gorunumlu-seramik-modelleri	5765	181338	6.0
klozet-secim-rehberi-ve-tavsiyeler	3419	271375	5.5
bide-nedir	3200	379886	5.0
mutfak-dekorasyonu-nasil-yapilir	2832	461939	2.5
gomme-rezervuar-montaji-nasil-yapilir	2497	292923	6.2
klozet-kapagi-montaji-nasil-yapilir	2416	345374	5.8
dusakabin-montaji-nasil-yapilir	2214	189478	5.3
kanalsiz-klozet-nedir-ve-nasil-calisir	1786	82291	4.5
kucuk-banyolar-icin-karo-secimi-nasil-olmali	1720	103925	6.6
banyo-temizligi-nasil-yapilir	1610	237669	5.3
vitrifiye-urun-gruplari-nelerdir	1585	117280	5.1
lavabo-secim-rehberi-ve-tavsiyeler	1454	165329	6.6
banyo-nis-modelleri-ve-dekorasyonu	1451	131127	5.1
banyo-seramik-secimi-ve-tavsiyeler	1299	61853	8.0
banyo-bataryasi-nasil-takilir	1184	152103	5.6
lavabo-bataryasi-montaji-nasil-yapilir	1159	115488	6.0
rezervuar-nedir	944	143922	5.0
2026-banyo-modelleri	928	34681	4.0
armatur-nedir	911	133619	5.1
dus-basligi-nasil-takilir	816	103917	5.6
renklerin-gucu	792	35812	5.5
banyo-dekorasyonunda-feng-shui	791	34446	7.8
banyo-bataryasi-nasil-secilir	776	38192	8.6
banyo-tadilatina-nereden-baslamali	772	38413	5.4
ahsap-gorunumlu-seramik-modelleri-old	748	36047	1.9
banyo-dekorasyonu-fikirleri	710	67768	7.9
herkes-icin-tasarim	694	16976	5.1
banyo-tasarimi-ve-uygulama	686	23948	8.3
kucuk-banyo-dekorasyonu	411	53773	7.2
montaj-rehber-icerikleri	357	15183	6.9
banyonuzu-yenilemeden-once-bilmeniz-gereken-7-sey	336	16442	8.3
karo-nasil-dosenir	322	32767	6.1
modern-banyo-modelleri-ve-tasarim-fikirleri	315	39364	7.0
banyo-duzenleme	301	38844	4.3
kuvetli-banyo-modelleri-dekorasyon-onerileri	284	31199	6.4
karo-nedir-karo-seramik-nerelerde-kullanilir	276	58642	8.3
banyo-yenileme-sureci-nasil-olmalidir	262	16972	8.4
dar-banyolar-icin-kullanisli-lavabo-alternatifleri	239	16410	7.0
banyo-aydinlatmasi-ve-led-ayna-secimi	234	8509	6.8
yeni-nesil-sehirli	205	69132	6.7
modern-karo-cozumleri	185	22970	8.6
2025-pantone-rengi-mocha-mousse	177	19217	5.6
ebeveyn-banyosu-dekorasyon-onerileri	166	36539	6.3
rustik-banyolar	165	6133	5.6
yesil-yapi-nedir	161	18256	8.0
cam-rezervuar-montaji-nasil-yapilir	159	9638	7.4
modern-banyo-mobilyasi-secim-rehberi	159	9301	8.0
banyo-askisi-nasil-takilir	154	10137	5.0
satin-alma-rehberi/klozet-satin-alma-rehberi	154	15239	7.7
banyonuzu-yenileme-cozumleri	153	21374	8.6
klozet-montaji-nasil-yapilir	137	14458	5.6
eklektik-banyo	121	82638	6.1
mermer-ile-ev-dekorasyonuna-sik-dokunuslar	120	3713	7.5
engelli-banyo-duzenlemesi-ve-guvenlik-onlemleri	118	3385	6.1
kucuk-banyo-depolama-fikirleri-ve-pratik-cozumler	115	4871	6.1
karo-seramik-tasarimi-ve-uygulama	108	7515	10.1
mimari-danismanlik-nedir-neden-gereklidir	102	6230	7.5
pantone-2026-rengi-cloud-dancer	98	3862	7.4
yesil-inovasyon-nedir-yesil-inovasyon-hakkinda-bilinmesi-gerekenler	93	5433	6.3
kuvet-mi-dusakabin-mi-secim-rehberi	81	7492	8.0
dikkat-cekici-surdurulebilir-secenekler-lavabo-trendleri	79	38936	4.9
mutfak-ve-banyolarda-granit-sikligi	74	3138	8.6
yasam-alanlarina-uygun-seramik-modelleri	74	7643	10.3
mutfak-dekorasyonu	66	2334	10.3
saglikli-klozet-nasil-olmali	62	4992	11.4
siyah-ve-beyaz-siklik	62	8253	5.0
geri-donusum-ve-ileri-donusum-nedir	58	36484	10.3
banyo-dekorasyonu	55	11242	6.0
luks-banyo-tezgahi-tasarimlari-2023	52	6613	6.3
banyo-planlamada-yapilan-5-hata	45	1623	6.5
banyo-mobilyasi-secerken-nelere-dikkat-edilmelidir	35	1502	7.5
dongusel-ekonomi-nedir-faydalari-ve-cevresel-etkileri-nelerdir	34	4398	12.6
quantumflush-secerken-bilmeniz-gerekenler	26	713	6.8
vitra-yuzde-yuz-geri-donusturulmus-lavabonun-yolculugu	21	985	7.5
banyoda-hijyenik-cozumler	20	502	6.3
farkli-tarzda-banyo-tasarimlari	18	832	13.6
ferah-banyolar	18	1397	8.7
lavabo-montaji-nasil-yapilir	18	2147	5.2
vitranin-surdurulebirlige-ve-dongusel-ekonomiye-etkisi	16	281	5.7
banyoda-yer-tasarrufu	15	7101	6.2
modern-banyo-fikirleri	15	1171	16.5
kucuk-degisimler-ile-tasarruflu-banyo-ve-mutfaklar	13	539	8.0
akilli-cozumler	12	466	9.0
temas-yoluyla-bulasan-hastaliklardan-korunmada-hijyenin-onemi	11	888	12.1
yaraticilik-ve-inovasyon-gunu	11	258	7.1
dunya-cevre-gunu-2025	10	63	4.7
surdurulebilirlik	10	66	4.5
dusakabin-olculeri-ve-modelleri	8	464	5.9
cevre-dostu-banyolar	6	216	6.4
dus-keyfi	5	114	6.9
kuresel-isimayi-nasil-onleyebiliriz-banyoda-su-ve-karbon-ayak-izini-azaltma-yollari	5	375	7.5
