kanal,tur,gorunme,arama_sayisi,tekil_video,toplam_izlenme_tekil,ort_sira,en_cok_izlenen_video,gruplar
VitrA Türkiye,Marka,48,20,33,7545415,9.4,V-care Şımartan Klozet,Seçim ve karşılaştırma:6; Montaj:16; Tamir ve bakım:3; Marka ve rakip:23
Tesisat Servisim,Tesisatçı / usta,33,16,26,2626110,8.8,KLOZET KAPAĞI MONTAJI,Seçim ve karşılaştırma:14; Montaj:4; Tamir ve bakım:12; Marka ve rakip:3
Macit Tesisat,Tesisatçı / usta,31,14,22,2402500,10.7,Klozet iç takımı değiştirmek aslında çok kolay kendin yap,Seçim ve karşılaştırma:1; Montaj:16; Tamir ve bakım:9; İlham ve tadilat:4; Marka ve rakip:1
Banyotrendy,Perakendeci,25,15,17,655005,9.8,Gizli Montajlı Asma Klozet Montajı | Kale Smart Sistem,Seçim ve karşılaştırma:3; Montaj:7; Marka ve rakip:14; Yeni kategoriler:1
hansgrohe,Marka,18,1,18,557211,10.1,Hansgrohe ShowerSelect installation in a renovated bathroom,Marka ve rakip:18
Kale Banyo,Marka,17,5,17,706359,10.9,Kale Banyo | Hayalimdeki Banyo,Montaj:2; Marka ve rakip:14; Yeni kategoriler:1
kendin yaparsın,Tesisatçı / usta,16,10,11,3546466,9.4,TESİSATÇIDAN ŞAŞIRTICI YÖNTEM💯 AÇ KAPA MUSLUK KARTUŞUNU VAZELİN İLE TA,Seçim ve karşılaştırma:4; Montaj:3; Tamir ve bakım:6; Yeni kategoriler:3
BOCCHI,Marka,16,1,16,1608956,10.2,Banyo ve Mutfaklar Beyazdan Çok Daha Fazlası ✨ #BocchiBagno,Marka ve rakip:16
Mini Tesisat,Tesisatçı / usta,16,11,11,354848,7.1,Vitra Gömme Rezervuar Tamiri | Boşaltma Grubu Sökme ve Conta Değişimi,Seçim ve karşılaştırma:4; Montaj:3; Tamir ve bakım:4; Marka ve rakip:4; Yeni kategoriler:1
Yaşar Alanoğlu,Tesisatçı / usta,15,11,9,3815315,9.9,#reklam Üst borusundan su sızdıran batarya tamiri - Musluk su sızdırıy,Seçim ve karşılaştırma:1; Montaj:6; Tamir ve bakım:8
Tesisatçı Genç,Tesisatçı / usta,15,9,13,2832998,9.1,Klozet Su Kaçırıyorsa Çok Basit Tamiri Kendin Yap - Klozet Su Kaçırıyo,Seçim ve karşılaştırma:1; Montaj:5; Tamir ve bakım:9
DESSONI,Marka,14,6,7,128346,11.6,DESSONI MODERN BANYO DOLABI AKRİLİK TEZGAH #dessoni,Seçim ve karşılaştırma:12; Marka ve rakip:2
Dekordelisi,Dekorasyon / iç mimar,14,4,9,27534,7.7,2026 Ev Tadilat Fiyatları Burada! En Gerçek ve Güncel Ev Yenileme Mali,İlham ve tadilat:14
Koçtaş,Perakendeci,12,7,12,3724468,9.3,Banyo Seramik Boyama Nasıl Yapılır? | Ev Yenileme | Seray Kutsal,Montaj:4; İlham ve tadilat:2; Marka ve rakip:6
E.C.A.,Marka,12,4,9,124947,10.2,E.C.A. | Termostatik Ankastre Banyo Duş Bataryası Montaj Videosu,Montaj:5; Marka ve rakip:7
şehmus kalkan,Tesisatçı / usta,10,7,7,1370089,11.2,Seramik üstüne seramik döşenirmi? Fayans ustası cevaplıyor.,Seçim ve karşılaştırma:2; Montaj:2; İlham ve tadilat:4; Marka ve rakip:2
Murat Anlı,Tesisatçı / usta,10,8,8,943891,10.8,Duşakabin Tekerleri Nasıl Değiştirilir  How To Change Shower Enclosure,Montaj:5; Tamir ve bakım:4; Yeni kategoriler:1
Creavit,Marka,10,3,10,569568,10.6,Creavit WQ Akıllı Klozet,Montaj:1; Tamir ve bakım:1; Marka ve rakip:8
İsmâil Hakkı FEYZİOĞLU,Tesisatçı / usta,10,7,8,540886,8.0,Termosifon Montaj Takmak | Ölçü Musluk Nipel Ventil Hortum Delme Takoz,Seçim ve karşılaştırma:1; Montaj:1; Tamir ve bakım:3; Yeni kategoriler:5
Banyomoda,Perakendeci,10,7,7,383900,7.1,VitrA Gömme Rezervuar Montaji Nasıl Yapılır,Montaj:3; Marka ve rakip:7
Artema Türkiye,Marka,9,2,8,2994121,7.7,Artema | Reklam Filmi | Eviye Bataryaları 2017,Montaj:6; Marka ve rakip:3
DEKORENZA İç Mimari Tasarım & Mobilya,Dekorasyon / iç mimar,9,6,6,246627,8.6,#banyo #dekorasyon #dekor #evdekorasyonu #banyodekorasyonu #bathroom #,Seçim ve karşılaştırma:1; İlham ve tadilat:7; Yeni kategoriler:1
Sıhhi Tesisat Ustaları,Tesisatçı / usta,9,5,6,181734,13.2,VİTRA GÖMME REZERVUAR MONTAJI,Seçim ve karşılaştırma:2; Montaj:4; Tamir ve bakım:1; Marka ve rakip:2
Kılıç Tadilat,Dekorasyon / iç mimar,9,8,7,177852,9.6,GÖMME REZERVUAR SU SEVİYE AYARI NASIL YAPILIR,Seçim ve karşılaştırma:3; Tamir ve bakım:3; Marka ve rakip:3
SEREL,Marka,8,1,8,1387162,8.9,Hayatı Kolaylaştıran Parlak Fikirler: SEREL EASYWASH KLOZET,Marka ve rakip:8
Tesisatçı Hasan,Tesisatçı / usta,8,6,7,493448,7.6,Klozetin içine neden sürekli su akar.Klozetin içine sürekli sızan suyu,Montaj:2; Tamir ve bakım:6
YapıStil,İnceleme / teknoloji,8,5,4,287798,5.1,Geberit AquaClean Mera Akıllı Klozet Tanıtım,Seçim ve karşılaştırma:2; Montaj:2; Marka ve rakip:4
fatih gökmen,Tesisatçı / usta,8,6,5,92635,11.4,GEBERİT SMYLE SQUARE ASMA KLOZET MONTAJI,Montaj:2; Marka ve rakip:6
Durul Duşakabin,Marka,7,3,5,783353,8.6,Oval Duşakabin Montaj Animasyonu,Montaj:7
decoverse,Dekorasyon / iç mimar,7,5,4,156952,6.1,Hangi Lavabo Modelini Seçmeliyiz? Avantajları ve Dezavantajları Nelerd,Seçim ve karşılaştırma:2; Montaj:1; İlham ve tadilat:4
VitrA Bathrooms,Marka,7,2,7,113396,7.9,Discover the VitrA V-Care Smart Toilet,Marka ve rakip:7
BENALİ VİDEOLARI,Tesisatçı / usta,6,5,5,2463053,8.7,"Aslında Çok Basit Klozet Su Kaçırıyor, Sifon Su Kaçırıyor Sorunu, Çözü",Montaj:2; Tamir ve bakım:3; Yeni kategoriler:1
Duravit,Marka,6,1,6,1610098,9.3,Duravit presents Vitrium - Design by Christian Werner,Marka ve rakip:6
dekovincom,Dekorasyon / iç mimar,6,3,4,181810,10.2,Creavit klozetlerde Tak-Çıkar Klozet Kapağı montajı nasıl yapılır ?,Montaj:1; Tamir ve bakım:1; Marka ve rakip:4
Pil Adam,Diğer,6,2,6,175258,6.2,Bms Nedir? Bms Nasıl Seçilir? Li-ion Bms,Seçim ve karşılaştırma:6
Banyo -Mutfak Mimarisi \ Burcu Tarkan,Dekorasyon / iç mimar,6,4,6,94736,5.0,Duşakabin nasıl seçilir? Duşkabin seçerken neye dikkat edilir? #duşkab,Seçim ve karşılaştırma:5; İlham ve tadilat:1
Roomart Türkiye,Marka,6,3,5,76323,10.3,Roomart Çamaşır ve Kurutma Makinesi Dolabı Kurulumu Nasıl Yapılır? -18,Seçim ve karşılaştırma:2; Montaj:4
Tasarım Budur,Dekorasyon / iç mimar,6,3,4,31346,6.8,Modern Bir Görünüm için Akıllara durgunluk veren Banyo Dekorasyon Tren,İlham ve tadilat:6
Rani Mobilya,Marka,5,4,3,1898363,10.4,Rani KD109 Çamaşır Makinesi Dolabı 4 Kapaklı 2 Raflı Banyo Dolabı Beya,Seçim ve karşılaştırma:2; Montaj:1; Marka ve rakip:2
Cengiz Dolunay,Tesisatçı / usta,5,1,5,1041065,9.4,FAYANS ÜSTÜNE FAYANS NASIL DÖŞENİR A'dan Z'ye (Detaylı ve sesli anlatı,İlham ve tadilat:5
Taner Aydın,Tesisatçı / usta,5,3,3,961612,11.2,KARTUŞ DEĞİŞTİRMEDEN AÇ KAPA BATARYA/MUSLUK TAMİRİ %100 GARANTİLİ,Tamir ve bakım:4; Marka ve rakip:1
Bianca Boya,Marka,5,1,5,807600,9.0,Bianca Stella Boya İle Fayans Boyama Nasıl Yapılır?,İlham ve tadilat:5
Yapı Dükkanım,Perakendeci,5,3,4,602827,8.6,DUŞAKABİN MONTAJI NASIL YAPILIR? VİDEOSU- TEKNESİZ MONTAJ KILAVUZU,Seçim ve karşılaştırma:2; Montaj:2; Tamir ve bakım:1
Dusaks Duşakabin,Marka,5,1,5,525048,12.2,Köşeli Duşakabin Montajı - Lüks Seri Mat Siyah - dusaks.com,Montaj:5
Dekorasyon Adam,Dekorasyon / iç mimar,5,4,4,338863,5.0,📽 KOMPLE EV TADİLAT MALİYETİ- YAPIM AŞAMALARI 2023,İlham ve tadilat:5
serhat ayer,Tesisatçı / usta,5,4,3,115333,12.0,ANKASTRE taharet musluk arızası ve çözümü.,Seçim ve karşılaştırma:2; Montaj:2; Marka ve rakip:1
GROHE,Marka,5,1,5,87413,12.0,Introduction of GROHE Ceramics,Marka ve rakip:5
iç mimar Sisters,Dekorasyon / iç mimar,5,1,5,78763,10.2,IKEA EV TURU #1 37 m2 BANYO & MUTFAK & SALON & YATAK ODASI - İç Mimar ,Marka ve rakip:5
Fani Beyin,İnceleme / teknoloji,5,4,2,31106,11.8,Koçtaş Banyo Dolabı Modelleri ve Fiyatları,Seçim ve karşılaştırma:2; Marka ve rakip:3
Vitra Artema Yetkili Servis Başarı yapı,Tesisatçı / usta,5,5,3,2983,12.2,VitrA V-Care Akıllı Klozet Prime montajı nasıl yapılır?,Montaj:1; İlham ve tadilat:2; Marka ve rakip:2
Okan Yaldır,Tesisatçı / usta,4,3,4,535552,4.2,SU ARITMA CİHAZI MONTAJ NASIL YAPILIR? AYRINTILI ANLATIM,Marka ve rakip:1; Yeni kategoriler:3
Usta Tv,Diğer,4,3,4,438946,9.0,Şofbeninizi doğru kullanıyor musunuz,Seçim ve karşılaştırma:1; Tamir ve bakım:1; Yeni kategoriler:2
Teknik Çözümler,Tesisatçı / usta,4,4,2,407569,9.5,BANYO DOLABI MONTAJI NASIL YAPILIR ?,Seçim ve karşılaştırma:1; Montaj:3
Bav YapHele,Tesisatçı / usta,4,4,4,315736,10.8,"Eviye Bataryası Su Döküş Borusunun Bağlantı Kısmından Su Kaçırıyor, Na",Tamir ve bakım:3; Yeni kategoriler:1
KUMRAL TEKNİK,Tesisatçı / usta,4,4,3,286328,4.5,ASMA KLOZET TAHARET MUSLUĞU AZVE YAVAŞ AKIYOR ?,Seçim ve karşılaştırma:1; Montaj:2; Tamir ve bakım:1
BİZ DE YAPABİLİRİZ TEKNİK,Tesisatçı / usta,4,4,2,260530,5.8,BANYO DOLABI MONTAJI NASIL YAPILIR,Seçim ve karşılaştırma:2; Montaj:2
ÜSAME AKKAN,Tesisatçı / usta,4,4,2,172170,13.8,EN BASİT 90x90 TEKNELİ DUŞAKABİN MONTAJI | DETAYLI ANLATIM | PÜF NOKTA,Montaj:4
Özay Göçer,Tesisatçı / usta,4,2,4,170057,9.0,Duşakabin mermeri nasıl konmalı ve silikon nasıl çekmeli,Seçim ve karşılaştırma:1; Tamir ve bakım:3
SIKANA Türkçe,Tesisatçı / usta,4,4,2,161346,7.5,Destekli Lavabo Kurulumu | Kendin Yap,Seçim ve karşılaştırma:1; Montaj:3
arpmekatronik ,Tesisatçı / usta,4,4,3,133938,10.2,Lavabo gideri montajı,Montaj:4
Mobilyaya Bakış,Perakendeci,4,4,1,127631,13.5,Koçtaş banyo dolap modelleri ve fiyatları,Seçim ve karşılaştırma:2; Marka ve rakip:2
Devrikoğlu Mühendislik BODRUM,Tesisatçı / usta,4,4,2,121380,4.5,Geberit AquaClean Mera Akıllı klozet montajı,Montaj:2; Marka ve rakip:2
Çağlar karademir.,Tesisatçı / usta,4,3,3,75249,12.8,VİSAM Gömme Rezervuar  su vermiyor sorunun çözümü.,Montaj:1; Tamir ve bakım:3
Dekorister Mobilya,Marka,4,3,3,59499,14.5,Dekorister Benito Çamaşır Makinesi Alt Üst Dolap + Banyo Dolap Seti Ku,Seçim ve karşılaştırma:3; Montaj:1
RADIVA | Dekoratif Radyatör ve Havlupan,Marka,4,2,4,57560,5.8,Radiva Havlupan Montaj Videosu (Standart Havlupanlar),Montaj:1; Yeni kategoriler:3
marsbanyo,Marka,4,3,2,55010,14.2,MRS-002 Mars Banyo Ula Asma Banyo Dolabı Takımı Montaj Videosu,Seçim ve karşılaştırma:4
Osman Usta,Tesisatçı / usta,4,3,3,6749,7.5,Engelli Banyosu,İlham ve tadilat:2; Yeni kategoriler:2
Yütaş Yapı Ürünleri Tic.A.Ş.,Marka,4,3,4,5948,14.2,GROHE Gömme Rezervuar Kumanda Panelleri,Seçim ve karşılaştırma:1; Tamir ve bakım:1; Marka ve rakip:2
Banyomarka,Perakendeci,4,2,4,5929,7.2,GROHE SmartControl - Grohe Essence SmartControl Spiralli Eviye Batarya,Marka ve rakip:3; Yeni kategoriler:1
KAIZEN HİJYEN,Marka,4,2,3,414,16.8,Qloset Akıllı Klozet Kapağı| Kaizen Hijyen ile,Seçim ve karşılaştırma:3; Montaj:1
OLCAY USTA,Tesisatçı / usta,3,2,3,2147289,7.0,Bir banyonun yeniden hayat buluşu,İlham ve tadilat:3
Emine Deligoz,Tesisatçı / usta,3,3,3,2119800,10.3,Tıkanan Giderinizi Bu Yöntemle Açın! | Sizin Gibi Komşularınızda Rahat,Seçim ve karşılaştırma:1; Tamir ve bakım:2
Erdem Fidan (ErdmFidan),Tesisatçı / usta,3,3,2,802808,9.3,Baştan Sona Rezervuarlı Klozet Montajı Nasıl Yapılır? TADİLAT 11.Bölüm,Montaj:1; İlham ve tadilat:1; Marka ve rakip:1
Saint-Gobain Weber Türkiye,Marka,3,1,3,734576,13.3,Seramik Kaplı Eski Bir Zemin Üzerine Yeni Seramik Uygulaması Nasıl Yap,İlham ve tadilat:3
TamirİstaN,Tesisatçı / usta,3,3,2,690437,11.7,Aç Kapa Musluk Damlatıyorsa Nasıl Tamir Edilir ? (Aç Kapa Musluk Kartu,Tamir ve bakım:3
Warner Music Japan,Diğer,3,1,3,608566,13.0,ARTEMA - Dancing Field,Marka ve rakip:3
Bien Türkiye,Marka,3,3,1,489887,5.7,Bien Asma Klozet Gizli Montajı,Seçim ve karşılaştırma:1; Montaj:2
Zifinlik Tv,Tesisatçı / usta,3,3,3,470567,8.0,Klozet Su Ayarı .Rezervuar Su Seviyesi Nasıl Ayarlanır?,Montaj:2; Tamir ve bakım:1
Metin Aygun,Tesisatçı / usta,3,2,2,342821,5.3,Duşakabin Silikon Çekme | Silikon Nasıl Çekilir?,Seçim ve karşılaştırma:1; Tamir ve bakım:2
ahcomak,Tesisatçı / usta,3,3,1,322328,9.3,Serel Gömme Sifon Rezervuar Su Kaçırma Sorunu ve Tamiri - Su Faturası ,Montaj:1; Tamir ve bakım:1; Marka ve rakip:1
TEKNİK MÜDÜR,Tesisatçı / usta,3,2,3,285911,14.0,LAVABO GİDERİ SU KAÇIRIYOR. ( KESİN CÖZÜM ),Tamir ve bakım:2; Yeni kategoriler:1
Sanal YouTube,Tesisatçı / usta,3,1,3,279334,9.3,"Su Arıtma Cihazının Kurulumu, Arıtma Cihazının Çalışma Mantığı, Çift K",Yeni kategoriler:3
Çamlıca Duşakabin,Marka,3,2,3,245659,14.0,Banyo tasarım projelerinizde duş dekorasyon çalışmalarınızda #duşakabi,Seçim ve karşılaştırma:2; Montaj:1
Murat Tesisat - Ankara Kameralı Su Kaçak Tespiti,Tesisatçı / usta,3,3,3,186450,17.3,MUTFAK EVYESİ YAPIŞTIRMA - Tezgah Altı Evye Montajı - Mutfak Lavabo Ta,Montaj:1; Tamir ve bakım:1; Yeni kategoriler:1
Mecit Korkut,Tesisatçı / usta,3,3,1,150681,10.3,Asma Tuvalet Montajı - Asma Klozet Uygulaması - Gömme Rezervuar Takılı,Seçim ve karşılaştırma:2; Montaj:1
ShiftDelete.Net,İnceleme / teknoloji,3,3,1,143961,3.3,V-care Akıllı Klozet İncelemesi,Seçim ve karşılaştırma:1; Marka ve rakip:2
ÖZÜN YAP,Tesisatçı / usta,3,3,2,125838,15.7,Gömme Rezarvuar Tamiri Butonu Basınca Su Akıtmama Sorunu | Kendin Yapa,Montaj:1; Tamir ve bakım:2
Nasıl Yaptım,Tesisatçı / usta,3,2,1,75865,9.0,BANYO YENİLEME / TAMİRAT - TADİLAT / 6.000 TL MALİYET / NASIL YAPTIK?,İlham ve tadilat:3
Emek Dekorasyon,Dekorasyon / iç mimar,3,3,2,72653,11.7,Arızalı Banyo Batarya Kartuşu Nasıl Değiştirilir,Tamir ve bakım:1; İlham ve tadilat:2
BOĞAZİÇİ 'Lİ HIRDAVATÇI,Perakendeci,3,3,2,67068,9.0,Neden GRANİT EVYE almanızı tavsiye etmiyorum? Evye almadan önce yanılm,Seçim ve karşılaştırma:1; Yeni kategoriler:2
sunlighttr,Perakendeci,3,1,3,63336,11.0,Sunlight Glop Tavan Lambası Armatürü E27 Tek Duy,Yeni kategoriler:3
Arden Mimarlık,Dekorasyon / iç mimar,3,3,2,59179,9.7,Küçük Banyoları Daha da Küçülten 3 Hata! #küçükbanyo #banyodekorasyonu,İlham ve tadilat:2; Yeni kategoriler:1
Creavit Global,Marka,3,1,3,34067,12.7,Creavit   Combined Bidet Toilets,Marka ve rakip:3
BİM Türkiye,Perakendeci,3,3,1,32256,6.7,BİM – Lavabolu Banyo Dolabı,Seçim ve karşılaştırma:2; Marka ve rakip:1
GeneLMekanik,Tesisatçı / usta,3,3,3,22201,13.3,SEREL GÖMME REZERVUAR MONTAJI NASIL YAPILIR,Montaj:2; Marka ve rakip:1
Olca Yapı - Mehmet Turgut,Diğer,3,3,2,21004,9.0,Mutfak Dolap Kapak Çeşitleri,Seçim ve karşılaştırma:2; İlham ve tadilat:1
Sait Toksöz,Tesisatçı / usta,3,3,1,16677,14.0,LAVABO DOLABI NASIL YAPILIR VE MONTE EDİLİR?,Seçim ve karşılaştırma:1; Montaj:2
YILDIZ ELEGANCE,Marka,3,1,3,16185,3.0,Panjur Çekmeceli Kurutma ve Çamaşır Dolabı I Montaj Animasyonu,Montaj:3
NILAK TADEV,Tesisatçı / usta,3,2,3,13501,15.7,Havlupan Montajı Nasıl Yapılır | Havlupan Değişimi | Havlupan Tamiri |,Montaj:3
BAYRAK MOBİLYA,Marka,3,3,1,13293,7.7,akrilik banyo dolabı özel ölçü tasarım ve üretim merkezi BAYRAK MOBİLY,Seçim ve karşılaştırma:2; Marka ve rakip:1
Şımart Teknoloji,İnceleme / teknoloji,3,2,2,11737,6.7,Şımart Akıllı Klozet Kapağı Kutu Açılışı ve İlk Kurulum,Seçim ve karşılaştırma:2; Montaj:1
ÖZCEDEN,Tesisatçı / usta,3,3,2,8932,18.7,YILDIZ BANYO DOLABI KURULUMU (55-65-80CM ),Seçim ve karşılaştırma:2; Montaj:1
İvigo Elektrikli Isıtıcılar,Marka,3,1,3,8313,9.0,Banyo gibi nemli ortamlarda hangi ısıtıcı kullanılır?,Yeni kategoriler:3
Sosyopat,İnceleme / teknoloji,3,2,2,7714,10.3,"Artema Lavabo Bataryaları A41999, A42091, A42103, A42458 ve A42578 Kar",Seçim ve karşılaştırma:1; Marka ve rakip:2
EGEMER YAPI,Perakendeci,3,1,3,6565,8.7,POLEX TEK HAZNE TAŞMALI GRANİT EVYE SİFON MONTAJI (TTL1),Yeni kategoriler:3
Rukiye Taşçi,Dekorasyon / iç mimar,3,3,2,3984,10.0,"DUVARI FAZLA KIRDILAR! HER YER TOZ! - BANYO TADİLATI, BANYO YENİLEME 1",Seçim ve karşılaştırma:1; İlham ve tadilat:2
Ayrıntı Shop / Yapı Malzemeleri,Perakendeci,3,2,3,3756,11.7,Paslanmaz Engelli Banyo Duş Oturak - 0850 260 10 04,Tamir ve bakım:1; Yeni kategoriler:2
Demirbal Mobilya,Marka,3,1,3,1938,10.7,Çamaşır Makinesi ve Kurutma Makinesi Dolabı | Standart Kapaklı Kurulum,Montaj:3
Koresan,Marka,3,2,2,508,10.7,Koresan 301A Asma Akıllı Klozet Kurulum Videosu,Seçim ve karşılaştırma:2; Montaj:1
Poyraz Dekorasyon,Dekorasyon / iç mimar,3,1,2,346,13.7,ÖNCESİ VE SONRASI:  BANYO TADİLATI #öncesisonrası,İlham ve tadilat:3
LUDO TASARIM MOBİLYA ,Dekorasyon / iç mimar,3,3,1,302,1.3,Banyo Dolaplarında hangisini seçmeliyiz?,Seçim ve karşılaştırma:3
FATTOSON,Marka,3,3,2,211,2.7,"Banyo Dolabı Seçerken Nelere Dikkat Etmelisiniz? | MDF, Suntalam, PVC ",Seçim ve karşılaştırma:3
Evrim Ağacı,Diğer,2,1,2,2439788,9.5,Telefon Bataryanızı Delerseniz Ne Olur?,Seçim ve karşılaştırma:2
ebebek,Perakendeci,2,1,2,1943855,7.5,Bebeğinizin büyüme yolculuğunda bir adım daha atmaya hazır mısınız? 💙,Yeni kategoriler:2
Diamond Interior,Dekorasyon / iç mimar,2,1,2,1425068,13.5,Banyonuzda Bu Hatayı Yapmayın 🚽 Banyo Tasarım,Yeni kategoriler:2
Aydın Artır ile faydalı işler,Tesisatçı / usta,2,2,2,815451,14.0,Aç Kapa musluk Kartuş değiştirme / Faucet Cartridge Replacement,Montaj:1; Tamir ve bakım:1
Hüseyin Aktaş,Tesisatçı / usta,2,2,1,601855,13.0,KLOZET MONTAJI NASIL YAPILIR - DETAYLI ANLATIM,Montaj:1; Marka ve rakip:1
KIZILIN İZİNDE ,Dekorasyon / iç mimar,2,2,1,589900,3.5,İnanılmaz Banyo Değişimi/ Kırmadan Dökmeden Banyomu Yeniledim / Fayans,İlham ve tadilat:2
Derby Kimya,Marka,2,2,2,401634,11.0,Duşakabin Silikonu Nasıl Çekilir?,Montaj:1; Tamir ve bakım:1
Ahmet Züher SÖZEN,Tesisatçı / usta,2,2,2,360317,8.5,Havlupan montajı nasıl yapılır,Montaj:1; Yeni kategoriler:1
Tekzen,Perakendeci,2,2,2,307338,10.5,Klozet Sifonu Nasıl Takılır? (Klozet İç Takım Montajı)  - Tekzen,Montaj:2
el-is,Tesisatçı / usta,2,2,2,282578,2.0,Gömme Rezervuar su almıyor veya su kaçırıyor sa basit tamiri,Tamir ve bakım:2
USTA Tamirci Tuncay,Tesisatçı / usta,2,1,2,267416,10.5,Şofben nasıl Bağlanır Detaylı anlatım,Yeni kategoriler:2
fırat Tali,Tesisatçı / usta,2,2,2,240675,4.5,banyo yer uygulaması 60x60 seramik .bathroom floor application,İlham ve tadilat:2
Timur Tanyer,Diğer,2,1,2,231306,4.5,"Artema _ Aç-Kapa _  ""Şener Şen"" Filmleri",Marka ve rakip:2
Zeynep Bordebar,Dekorasyon / iç mimar,2,2,1,227205,9.0,KÜÇÜK BANYOLAR İÇİN 5 TASARIM FİKRİ \\ SERAMİK SEÇİMİ \ DUŞ SİSTEMLERİ,İlham ve tadilat:2
Baloğlu,Tesisatçı / usta,2,2,1,226998,12.5,KLOZET REZERVUAR SİFON SU KAÇIRIYORSA ÇOK KOLAY HEMEN YAPABİLİRSİN.,Montaj:1; Tamir ve bakım:1
USTA SEN OL,Tesisatçı / usta,2,2,2,208342,9.0,TUVALET SİFON TAMİRİ NASIL YAPILIR / BASİT ANLATIM / #kendinyap #diy #,Montaj:1; Tamir ve bakım:1
Dedex55 Easy Tabii Ki De,Tesisatçı / usta,2,2,2,201082,6.0,Su Arıtma Cihazı Kurulumu ve Montajı Nasıl Yapılır - Detaylı Anlatım.,Tamir ve bakım:1; Yeni kategoriler:1
Melike Gümüş,Dekorasyon / iç mimar,2,1,2,186409,11.0,"Banyo Yenileme | Fayans Boyama,Dry Fix Fayans Boyası,Kırmadan Dökmeden",İlham ve tadilat:2
Elektrik Eğitimi,Tesisatçı / usta,2,1,2,181920,10.5,baymak bt 7000 şofben bağlantısı banyo ani su ısıtıcı montajı ve elekt,Yeni kategoriler:2
KIZ BABASI,Tesisatçı / usta,2,2,2,165747,13.0,SİLOKON ÇEKME/SİLİKON TEMİZLEME✅ DUŞAKABİNE SİLİKON NASIL ÇEKİLİR VE T,Montaj:1; Tamir ve bakım:1
Salim Tugay Günaydın,Tesisatçı / usta,2,2,1,154009,12.5,"Klozet Şamandıra Değişimi | İç Takım Değişimi | Duvara Sıfır Klozet , ",Montaj:1; Tamir ve bakım:1
Emre Aydınlık,Tesisatçı / usta,2,2,1,149496,5.0,DUŞAKABİN VE DUŞ TEKNESİ MONTAJI NASIL YAPILIR ? BONUS VİDEO 1+1..,Montaj:2
yavrika,Tesisatçı / usta,2,2,1,134653,8.5,AÇ-KAPA MUSLUK KARTUŞ DEĞİŞİMİ (faucet cartridge replacement) 250123,Tamir ve bakım:1; Marka ve rakip:1
alisamsun,Tesisatçı / usta,2,1,2,122623,16.0,Duşakabin tekeri nasıl takılır,Tamir ve bakım:2
Hamdi Ertürk,Tesisatçı / usta,2,2,2,121048,12.5,"vitra norm klozet montajı-klozet montajı-detaylı anlatım(iç takım,köru",Montaj:1; Marka ve rakip:1
Turan Kına,Tesisatçı / usta,2,2,2,119663,15.5,Vitra gömme rezervuar montajı,Montaj:1; Marka ve rakip:1
"BAŞAK AKRİLİK - DUŞ, KÜVET VE DUŞAKABİN SİSTEMLERİ",Marka,2,1,2,114286,3.0,Cam duşakabin montaj videosu - BAŞAK AKRİLİK,Montaj:2
SSH PLUS,Tesisatçı / usta,2,2,1,93427,10.0,Evye  montajı,Montaj:1; Yeni kategoriler:1
k-nemo,Tesisatçı / usta,2,1,2,92675,14.5,Ikea banyo dolabı montajı,Marka ve rakip:2
KS Dekorasyon,Dekorasyon / iç mimar,2,2,1,92375,12.0,BANYO DUVARINI KIRMADAN GÖMME REZERVUAR KURULUMU VE MONTAJI BÖYLE YAPI,Seçim ve karşılaştırma:1; Marka ve rakip:1
Yıldırım Duş,Tesisatçı / usta,2,2,2,90615,7.0,DUŞAKABİN NASIL TAKILIR. | DUŞAKABİN MONTAJI NASIL YAPILIR. | EN DETAY,Seçim ve karşılaştırma:1; Montaj:1
Su Makinesi,Perakendeci,2,1,2,82869,16.0,ARITMALI MUTFAK EVYESİ MONTAJ ANLATIMI 3 YOLLU MUSLUK ANLATIMIZ,Yeni kategoriler:2
Hammam Radiator,Marka,2,1,2,82087,15.5,Radyatör ve Havlupan Ürün Tanıtımı  - Hammam Design Radiator,Yeni kategoriler:2
Gül Taze Z.,Tesisatçı / usta,2,2,2,80051,10.5,🔥böyle SABUN ARTIĞI ve KİREÇ lekesi görmedim😱FAYANS duvar banyo batary,Montaj:1; Tamir ve bakım:1
Gör Yap Atölyesi,Tesisatçı / usta,2,2,2,70544,11.5,Batarya Kartuşu nasıl değiştirilir/Aç kapa batarya kartuşu nasıl değiş,Tamir ve bakım:2
Pazaromi com,Diğer,2,1,2,70210,2.0,Çoçuk Klozet Adaptörü,Yeni kategoriler:2
LİVATES,Tesisatçı / usta,2,1,2,70041,10.0,Elektrikli Şofben montajı 1,Yeni kategoriler:2
Kendinyap,Tesisatçı / usta,2,2,1,62385,18.5,"Aç kapa musluk tamiri , Faucet repair",Tamir ve bakım:2
TEKNİK REHBER,Tesisatçı / usta,2,2,2,51584,8.0,Duşakabin Tekerleği Değişimi  teknikrehber.com,Seçim ve karşılaştırma:1; Tamir ve bakım:1
Barutoğlu Tesisat Sedat Barut,Tesisatçı / usta,2,2,2,48869,13.5,ESKİ TUVALET TAŞI - GÖMME REZERVUAR’A NASIL DÖNÜŞTÜRÜLÜYOR,Seçim ve karşılaştırma:1; Montaj:1
Mevlüt Aydemir,İnceleme / teknoloji,2,2,1,48654,15.5,DEJİ BATARYA KULLANIM TESTİ | Deji Batarya Yorumları,Seçim ve karşılaştırma:2
Plumb-It Online,Diğer,2,1,2,48605,10.0,How To Install A Duravit Starck 3 Toilet Seat and Cover,Marka ve rakip:2
OverWater,Tesisatçı / usta,2,1,2,47422,16.0,SAVORA Su Arıtma Cihazı Tanıtım ve Montaj Videosu,Yeni kategoriler:2
METES TEKNİK,Tesisatçı / usta,2,2,1,46214,6.0,SEREL GÖMME REZERVUAR KUMANDA PANEL MONTAJI,Tamir ve bakım:1; Marka ve rakip:1
KOMBİ VE TESİSAT REHBERİ,Tesisatçı / usta,2,2,2,41795,11.0,Banyo dolabı ve lavabo montajı nasıl yapılır? (uygulamalı basit anlatı,Montaj:2
Teska,Diğer,2,1,2,41335,11.0,banyo bataryası duş batarya ankastre batarya,Montaj:2
Akıllı Klozet,Tesisatçı / usta,2,2,1,34730,13.0,KURULUM MONTAJ VIDEOSU,Montaj:1; Marka ve rakip:1
Paketinden Yeni Çıktı,Diğer,2,1,2,34593,16.5,Moonstar Basamaklı Klozet Lazımlık Adaptörü Renkli,Yeni kategoriler:2
www.yenibitpazari.com,Diğer,2,1,1,30620,15.0,çamaşır makinesi klozet üstü 3 raflı düzenleyici  raf banyo rafı üstü ,Marka ve rakip:2
FPPRO,Diğer,2,2,1,28993,14.5,iPhone İçin Kaliteli Batarya Nasıl Anlaşılır?,Seçim ve karşılaştırma:2
AEON Radyatör ve Havlupan,Diğer,2,1,2,27586,13.0,Elektrikli Panel Isıtıcı A-Line - Aeon Radyatör,Yeni kategoriler:2
Bilal Hizmet,Tesisatçı / usta,2,1,2,27225,8.0,Elektrikli Kalorifer & Elektrikli Havlupan Isınma sistemi Hizmetterm,Yeni kategoriler:2
Nezih Peynircioğlu,Tesisatçı / usta,2,2,2,26759,7.5,"Banyo İçin Lavabo Tezgâhı , Boy Dolabı , Çamaşır Makinesi Üzerine Dola",Montaj:1; Yeni kategoriler:1
İbrahim Saykın,Tesisatçı / usta,2,1,1,21507,15.0,LAVABO SİFONU NASIL TAKILIR ŞÖKÜLÜR VE SORUNLARI,Tamir ve bakım:2
Mustafacottasarım,Dekorasyon / iç mimar,2,2,1,19717,11.0,damlayan musluk banyo bataryası kartuş değişimi,Tamir ve bakım:2
5K DİZAYN,Tesisatçı / usta,2,1,2,19675,4.0,HANSGROHE EVYE MONTAJI,Yeni kategoriler:2
Bak-Yap,Tesisatçı / usta,2,2,1,19026,19.0,A101 çamaşır makinesi dolabı kurulumu (tiamob banyo dolabı),Montaj:1; Marka ve rakip:1
Bakbudaiyi,Tesisatçı / usta,2,1,2,18769,14.0,KENZLIFE HAYZUM ÇAMAŞIR MAKİNESİ DOLABI KURULUMU VE TANITIMI,Montaj:2
Hüseyin Sarıkaya,Tesisatçı / usta,2,2,1,18044,17.0,Banyo duş seti Ankastre duş montajı,Montaj:2
Ege Elektrik Aydınlatma,Tesisatçı / usta,2,2,1,16439,12.0,Elektrikçi Çağırmadan Banyo Dolabına Şerit LED Montajı. Basit Ve Şık !,Montaj:1; Yeni kategoriler:1
Cest Dizayn,Diğer,2,2,1,15000,9.5,Banyo Dolabı Modelleri | Lake - Akrilik - Membran - Melamin | Cest Diz,Seçim ve karşılaştırma:2
KARDEŞLER NALVUR TESİSAT İŞLERİ,Tesisatçı / usta,2,2,1,14664,18.0,ECA Ankastre banyo bataryası montajı nasıl yapılır ? Yorumlarınızı ve ,Montaj:2
Akif Kutlu,Tesisatçı / usta,2,2,1,14521,7.5,Duşakabin montajı nasıl yapılır Oval sistem,Montaj:2
IKEA Türkiye,Diğer,2,1,2,12967,2.5,Hakan Kütahya ile Banyo Hakkındaki Her Şey | IKEA,Marka ve rakip:2
Frisse Bips,Diğer,2,1,2,11230,12.0,VitrA V-care bediening douchewc Frissebips,Marka ve rakip:2
fπi§d🔦,Diğer,2,2,1,11009,19.0,havlupan nedir,Montaj:1; Yeni kategoriler:1
VibeTraxx1,Diğer,2,1,1,8772,12.5,"Duşakabine Silikon Uygulaması! Su Sızıntısını Önleme, Banyo Silikon Çe",Tamir ve bakım:2
Seramiksan,Tesisatçı / usta,2,2,2,6783,13.5,Klozet Kapağı Montajı Nasıl yapılır? / How to install seat&cover?,Montaj:2
SaltDuş Duşakabin Sistemleri,Diğer,2,2,1,6652,15.0,Banyo Dolap Modelleri 2 - SaltDuş,Seçim ve karşılaştırma:2
Hace De,Tesisatçı / usta,2,2,2,6633,13.0,Idevit Asma Klozet Montajı Videosu Hacede 4K,Seçim ve karşılaştırma:1; Montaj:1
Ckmk TamirHane,Tesisatçı / usta,2,2,1,4971,6.5,Koçtaş Havluluk Çeşitleri (Banyo Peteği),Marka ve rakip:1; Yeni kategoriler:1
sıhhi tesisatçı yalçın usta,Tesisatçı / usta,2,2,2,4956,1.0,E.C.A mutfak bataryası montajı detaylı anlatım baştan sona ,Marka ve rakip:2
generalali. com,Diğer,2,1,2,4538,11.5,Moonstar Çocuk Tuvalet Alıştırıcı Klozet Adaptörü,Yeni kategoriler:2
Dekorasyonist,Dekorasyon / iç mimar,2,2,1,4445,3.0,Modern Banyo Fayans Modelleri ile Şık ve Ferah Banyolar,İlham ve tadilat:2
Adell Armatur ve Vana Fabrikalari A.S.,Diğer,2,1,2,4172,7.5,Adell Lento Arıtmalı Mutfak Bataryası,Yeni kategoriler:2
Ali ŞİMŞEK,Diğer,2,1,2,4060,8.5,Artema Tuzlu  Su Testi  Engin Günaydın Reklamı,Marka ve rakip:2
Deneyen Adam,Tesisatçı / usta,2,2,2,3940,10.0,TEKNE VE KARAVAN TAHARET MUSLUĞU TANITIM VE DEĞİŞİM VİDEOSU,Seçim ve karşılaştırma:1; Montaj:1
Yapılır,Tesisatçı / usta,2,1,2,2485,8.5,Geberit Sigma Duofix Gömme Rezervuar Kurulumu,Marka ve rakip:2
Paran Cebinde Kalsın.,Tesisatçı / usta,2,2,2,2173,17.0,Klozet Su ayrı Klozet Şamandıra Ayarı Klozet Su Kaçırıyor Klozet Şaman,Tamir ve bakım:2
CANSU’NUN GÜNLÜĞÜ,Diğer,2,1,2,1737,16.0,✅BATARYALARINIZ PIRIL PIRIL OLACAK ✅ BU YÖNTEM HARİKA✅BATARYA TEMİZLİĞ,Tamir ve bakım:2
Crauf,Diğer,2,2,1,1551,14.0,Hangi Mutfak Bataryası Size Uygun? | Crauf Mutfak Rehberi,Seçim ve karşılaştırma:2
Egemen çağan Atılgan,Diğer,2,1,2,429,10.5,Koçtaş 65 cm Lake Banyo Dolabı Reklamı 2013,Marka ve rakip:2
Akkaya Yapı Dekorasyon,Dekorasyon / iç mimar,2,2,1,303,12.0,Dolaplı Lavabo Montajı ( Detaylı Anlatım ) ,Montaj:2
resit tekin,Diğer,2,1,1,254,12.0,Banyo yenileme öncesi sonrası,İlham ve tadilat:2
Tutar Yapı & Teknik,Tesisatçı / usta,2,2,2,232,12.0,35Yıllık Banyoyu Baştan Sona Yeniledik! | Banyo Tadilatı ve Tesisat De,Montaj:1; İlham ve tadilat:1
Emrah Öztürk,Tesisatçı / usta,2,1,2,203,17.0,Sincan - Yenikent Tıkalı Kanal - Lavabo Açma 0553 2672191,Tamir ve bakım:2
Kobos Banyo,Diğer,2,2,2,119,9.0,Suya Dayanıklı Banyo Dolabı Malzemeleri: Uzun Ömürlü ve Şık Çözümler |,Seçim ve karşılaştırma:2
Ezhel,Diğer,1,1,1,16339128,10.0,Ezhel - Küvet,Montaj:1
Mühendislik Harikaları,Tesisatçı / usta,1,1,1,13703470,16.0,60x120 GRANİT FAYANS SERAMİK DÖŞEMESİ,İlham ve tadilat:1
esraduzdemir,Diğer,1,1,1,2258138,6.0,Banyomu pratik ürünler ile düzenledim🥰#banyo #pratik #yaşam #düzen #ba,Yeni kategoriler:1
Mendebur Lemur,İnceleme / teknoloji,1,1,1,1001579,6.0,"Akıllı Klozet, RGB Perde, Mutfak Kontrol Paneli! (Haftalık Vlog)",Montaj:1
faucetbestbuy,Perakendeci,1,1,1,664509,15.0,iBox Universal Plus - Hansgrohe - installation instructions video!,Marka ve rakip:1
benim güzel evim,Tesisatçı / usta,1,1,1,526407,12.0,KLOZET KAPAĞI MONTAJI NASIL YAPILIR !!!!    #klozetkapağıdeğişimi#nası,Montaj:1
Tingoo,Tesisatçı / usta,1,1,1,513444,1.0,damlayan musluk tamiri,Tamir ve bakım:1
BAUHAUS Türkiye,Tesisatçı / usta,1,1,1,493997,9.0,Mutfak Tezgahı ve Evye Montajı,Yeni kategoriler:1
Murat Sen,Diğer,1,1,1,463280,1.0,En iyi pil hangisi ?,Seçim ve karşılaştırma:1
Vitra,Diğer,1,1,1,436432,2.0,"""Chair Times"" – A History of Seating",Marka ve rakip:1
Şükrü Alıcı,Tesisatçı / usta,1,1,1,410204,11.0,SADECE 1 DAKİKADA LAVABO GİDERİ NASIL TAKILIR? (kokuya son),Tamir ve bakım:1
Beşiktaş Mutfak,Diğer,1,1,1,390181,13.0,Lake mi Membran mı? Hangi Mutfak Dolabını Tercih Etmeli!,Seçim ve karşılaştırma:1
Yıldız Yapı Mimarlık | Tadilat & Dekorasyon Mutfak,Dekorasyon / iç mimar,1,1,1,370313,16.0,Banyo Dekorasyonu | Öncesi & Sonrası 🤩#banyo #banyodolabı #banyotakımı,Yeni kategoriler:1
Cillit Bang Türkiye,Diğer,1,1,1,344384,4.0,Yeni Cillit Bang Jel Lavabo Açıcı ile tıkalı giderleri Bang diye açın!,Tamir ve bakım:1
Seramik Döşeme,Diğer,1,1,1,324933,5.0,BİR SANAT ESERİ DAHA! 60*120 BANYO SERAMİK DÖŞEME/ANOTHER WORK OF ART!,İlham ve tadilat:1
 Boyacı Serdar Usta,Tesisatçı / usta,1,1,1,287567,1.0,Seramik ve fayans boyama #fayansboyama #seramikboyama #fayans,İlham ve tadilat:1
Make Life Easier,İnceleme / teknoloji,1,1,1,285238,12.0,How to remove DURAVIT toilet seat.,Marka ve rakip:1
mustilife23,Tesisatçı / usta,1,1,1,282872,1.0,3 Dakika'da Tıkanan Lavaboyu Açma Kesin Çözüm,Tamir ve bakım:1
Evde Mimar,Dekorasyon / iç mimar,1,1,1,268643,4.0,Fayans Boyama Nasıl Yapılır? Uygulama Örnekleri - Uzmanından Tavsiyele,İlham ve tadilat:1
Bence Çok Kolay,Diğer,1,1,1,263741,7.0,Silikon nasil cekilir? Silikon cekmenin püf noktasi nedir? En kolay si,Tamir ve bakım:1
Laçin Tenel,Dekorasyon / iç mimar,1,1,1,256977,8.0,Banyo Yenileme 1 : Fayans Boyama (Dryfix Fayans Boyası) | Laçin Tenel,İlham ve tadilat:1
Özel duş kabin ve küvet sistemleri,Tesisatçı / usta,1,1,1,253000,13.0,DUSAKABIN MONTAJI DETAYLI ANLATIM KARE DIKDORTGEN KÖŞE AÇILIR CAM DUSA,Montaj:1
Puretron water,Tesisatçı / usta,1,1,1,250424,17.0,Su Arıtma Cihazı Kurulum ve Montajı,Yeni kategoriler:1
Ahmet Akdaş,Tesisatçı / usta,1,1,1,240806,10.0,kalıntısız silikon nasıl çekilir,Tamir ve bakım:1
talip baş,Tesisatçı / usta,1,1,1,239917,9.0,Damlatan Musluk Tamiri Nasıl Yapılır,Tamir ve bakım:1
Benim Evim,Diğer,1,1,1,234350,2.0,Fayans Boyayanların Yorumları. Banyo ve Yer Fayans Boyama Yorumları. B,İlham ve tadilat:1
Hayri Usta,Tesisatçı / usta,1,1,1,228843,7.0,#banyo #dekorasyon #banyodekorasyon #home #izmir #dekorasyonfikirleri ,Yeni kategoriler:1
Cetotv,Tesisatçı / usta,1,1,1,213256,5.0,Duvara Sıfır Klozet Montajı 🚽 3 Tesisatçının Yapamadığı Klozet 🚾 Yanlı,Seçim ve karşılaştırma:1
Mert Bayantemur,Diğer,1,1,1,201416,18.0,KEDİLERİME OTOMATİK AKILLI KEDİ TUVALETİ ALDIM !! - Ubtech Ucat C10 Pr,Seçim ve karşılaştırma:1
bayram özdemir,Diğer,1,1,1,182985,20.0,Küçük evler için muhteşem tuvalet banyo tasarımı #forsale #art #buildi,Yeni kategoriler:1
Bi Tanıdık,Tesisatçı / usta,1,1,1,182237,4.0,"#GÖMME #REZERVUAR #MONTAJI NASIL #YAPILIR ? #FULL #HD , #AYRINTILI #ÇE",Montaj:1
Uğur Yapı,Diğer,1,1,1,182167,4.0,"NKP Çocuk Adaptörlü Yavaş Kapanır Klozet Kapağı nasıl monte edilir, de",Yeni kategoriler:1
Azdan az çoktan çok,Tesisatçı / usta,1,1,1,181254,13.0,VİSAM GÖMME REZERVUAR SU KAÇIRMA PROBLEMİ NASIL ÇÖZÜLÜR?💯💥VİSAM GÖMME ,Tamir ve bakım:1
Kuysen,Marka,1,1,1,179896,5.0,Experience an all-in-one intelligent toilet with customizable options ,Marka ve rakip:1
Her şeyden biraz ,Diğer,1,1,1,179013,9.0,klozet kapağı nasıl sökülür,Tamir ve bakım:1
Dolubatarya,Diğer,1,1,1,176913,9.0,ELEKTRİKLİ ARAÇ ALIRKEN BATARYA KONUSUNDA BİLMENİZ GEREKENLER!,Seçim ve karşılaştırma:1
Ali Efe Kostak,Tesisatçı / usta,1,1,1,162163,7.0,Klozet Kapağı Tamiri | Nasıl Değiştirilir ve Nasıl Fireni Tamir Edilir,Tamir ve bakım:1
Lexus Su Arıtma,Tesisatçı / usta,1,1,1,160698,1.0,3 Yollu Arıtmalı Musluk Montajı Nasıl Yapılır -Arıtmalı Eviye Bataryas,Yeni kategoriler:1
BT BAYTES MEKANİK TESİSAT DOĞALGAZ İNŞAAT ,Tesisatçı / usta,1,1,1,155355,20.0,"Eski Duş Teknelerine Veda, Zeminden Seramikle Yenilikçi Çözüm! #zemind",Seçim ve karşılaştırma:1
xTWOstore,Perakendeci,1,1,1,152432,13.0,hansgrohe iBox universal 2 & ShowerSelect Comfort | Installation Video,Marka ve rakip:1
Gönülce Sanat,Diğer,1,1,1,150397,17.0,Zemine stencıl çalışması ❤️ fayans boyama,İlham ve tadilat:1
Gülayın.Fikirleri,Diğer,1,1,1,149570,13.0,2 dakikada musluk parlatma 💯%💯doğal çözüm,Tamir ve bakım:1
İpek Yapı Teka  peramics ,Tesisatçı / usta,1,1,1,148241,18.0,teka franke EVYE EVİYE SİFON TOPLAMA VE MONTAJ,Yeni kategoriler:1
Mil Su Arıtma Sistemleri A.Ş.,Tesisatçı / usta,1,1,1,148182,8.0,Su Arıtma Cihazı Kurulumu Nasıl Yapılır? - Kolay Montaj Aşamaları - De,Yeni kategoriler:1
Visam A.S.,Tesisatçı / usta,1,1,1,146210,10.0,Visam Ankastre Taharet Musluğu Montajı,Montaj:1
fatih tiryaki,Diğer,1,1,1,141619,4.0,Duş kabini alırken nelere dikkat edilmeli,Seçim ve karşılaştırma:1
GROHE America,Marka,1,1,1,141117,9.0,GROHE | Grohtherm 2-Handle Thermostatic Trim System Operation | Instal,Marka ve rakip:1
Buşra Mert,Diğer,1,1,1,139879,20.0,Evye bataryası seç arıtmalı batarya arıtmalı evye bataryası mutfağımı ,Seçim ve karşılaştırma:1
KÖŞK DUŞAKABİN,Tesisatçı / usta,1,1,1,138423,15.0,Duşakabin içine fayans döşeme nasıl yapılır,Seçim ve karşılaştırma:1
Enes Özen,Diğer,1,1,1,138159,14.0,EN MANTIKLI ISITICI MI? İvigo Elektrikli Panel Konvektör Isıtıcı,Yeni kategoriler:1
FixitCrew,Diğer,1,1,1,137133,2.0,GROHE Basin Mixer Faucet ! How to replace flexible hose,Marka ve rakip:1
Gürok,Tesisatçı / usta,1,1,1,133970,6.0,Teknolojik eviye kolay kurulum montaj videosu,Montaj:1
Oğuzhan Çelik,Tesisatçı / usta,1,1,1,132824,15.0,Mutfak bataryası montaj,Yeni kategoriler:1
ShowerSealsDirect,Diğer,1,1,1,130827,18.0,Installing a Shower Tray with a Trimlux Shower Seal,Montaj:1
Para Tara,Diğer,1,1,1,129320,13.0,♿️ accessible bathroom,Yeni kategoriler:1
veneziabanyo,Tesisatçı / usta,1,1,1,126084,20.0,Venezia inox spiralli mutfak evye batarya montajı veneziabanyo,Yeni kategoriler:1
Garaj TÜRKİYE,Tesisatçı / usta,1,1,1,125959,15.0,Baymak ELEKTRİKLİ ŞOHBEN Montajı yapdık. VATAN BİLGİSAYARDAN ALDIK par,Yeni kategoriler:1
Kemal Esensoy,Diğer,1,1,1,119218,1.0,Almanya'da Yaşam 2025 | Taharet Musluğu Çözümü,Montaj:1
YouJustDo,Diğer,1,1,1,117051,4.0,Ayna duvara nasıl monte edilir,Montaj:1
Çınar Duvar Panelleri,Diğer,1,1,1,116929,19.0,"Jakuzi Modelleri, Jakuzi Çeşitleri, Jakuzi Fiyatları, | jakuzi nasıl ç",Montaj:1
RSF Bathrooms,Perakendeci,1,1,1,116756,2.0,Duravit - Starck 3 Duravit Mounting Installation Video,Marka ve rakip:1
Dryfix Yalıtım & Boya,Diğer,1,1,1,116364,6.0,"Fayans Boyası ile Fayans Boyama ""Dryfix Faience Paint""",İlham ve tadilat:1
Zeynep Senem Pılanya,Diğer,1,1,1,113611,19.0,Sıfırdan Banyo Part 4 🛁 Dekorasyon🪴#dekorasyon #banyo #dekorasyonfikir,Yeni kategoriler:1
TEKNOWORM,Diğer,1,1,1,113269,7.0,Deji batarya 4 ay kullanıldıktan sonra performansı nasıl oluyor?,Seçim ve karşılaştırma:1
Robotistan,Diğer,1,1,1,107498,13.0,Lipo Pil Nedir? Lipo pil kullanımı ve güvenliği,Seçim ve karşılaştırma:1
ALPTEKİN İNŞAAT,Tesisatçı / usta,1,1,1,105334,16.0,Silikon Nasıl Çekilir Detaylı Anlatım,Tamir ve bakım:1
Professional Baku,Tesisatçı / usta,1,1,1,103698,15.0,Grohe ibox montajı,Marka ve rakip:1
IKEA USA,Perakendeci,1,1,1,103190,7.0,3 Easy Ways to Organize Your Bathroom - IKEA Home Tour,Marka ve rakip:1
tuna ısıtma,Tesisatçı / usta,1,1,1,101549,13.0,SU ARITMA CİHAZI MONTAJI 2021,Yeni kategoriler:1
Schlüter-Systems Dış Tic. Ltd. Şti. (Türkiye),Tesisatçı / usta,1,1,1,100996,14.0,LED aydınlatmalı duvar aynası montajı: Schlüter®-LIPROTEC-WS,Montaj:1
Organik Annem,Diğer,1,1,1,100577,6.0,30 SANİYEDE KİREÇTEN KURTULUN - PRATİK MUSLUK VE BATARYA KİREÇ TEMİZLİ,Tamir ve bakım:1
Mehmet Soner Koçak,Diğer,1,1,1,99972,12.0,Visam Gömme Rezervuar Su Doldurmuyor Takılıyor problemi çözümü,Tamir ve bakım:1
Seranit,Diğer,1,1,1,99470,3.0,Aquanit Porselen Duş Karosu Uygulama Filmi,Montaj:1
RİFAT MELEKOĞLU (GÖRELİM ÖĞRENELİM),Tesisatçı / usta,1,1,1,97146,20.0,Klozetin Şamandrası Nasıl Değiştirilir,Montaj:1
Ercan Aydemir,Tesisatçı / usta,1,1,1,93642,9.0,Banyo dolabındaki lamba ve prize elektrik nasıl çekilir,Yeni kategoriler:1
TeknoClock,Tesisatçı / usta,1,1,1,92300,20.0,Banyolardaki Asma Tavan (Clipin Tavan) Nasıl Sökülür? Metal Tavan Nası,Yeni kategoriler:1
Scroll.com.tr,Diğer,1,1,1,91324,7.0,Batarya Alırken Nelere Dikkat Edilmeli? ORJİNAL VE MUADİL BATARYALAR,Seçim ve karşılaştırma:1
mehmet efe usta,Tesisatçı / usta,1,1,1,88704,4.0,"SAKIN BU PİLLERİ ALMAYIN, Sahte Lityum Pil Nasıl Anlaşılır, Sahte 1865",Seçim ve karşılaştırma:1
Ege Vitrifiye,Tesisatçı / usta,1,1,1,81980,8.0,Ege Vitrifiye Duvara Tam Dayalı Klozet Montaj Videosu,Marka ve rakip:1
Cersanit Romania,Diğer,1,1,1,80997,4.0,Cersanit bathtub installation guide,Montaj:1
Aşkın Sağlam,Diğer,1,1,1,80984,14.0,Baymak Elektrikli Şofben Yani Ani Su Isıtıcı Hakkında Yorumlarım,Yeni kategoriler:1
Nejdat Delioğlu,Tesisatçı / usta,1,1,1,78967,6.0,Duşa Kabin Montajı Nasıl Yapılır?  Detaylı Anlatım | Cam Duşa Kabin Mo,Montaj:1
Gezgin66,Tesisatçı / usta,1,1,1,75540,2.0,BANYO AYNA SÖKME VE MONTAJ (Ayna Sökmek Ve Takmak Bir Arada),Montaj:1
Xenon Smart,Diğer,1,1,1,74384,15.0,X8623 ve X8624 Akıllı Otomatik Kedi Tuvaletleri,Seçim ve karşılaştırma:1
4 renk Elmas Su arıtma,Tesisatçı / usta,1,1,1,73677,10.0,#pratik #su #arıtma #cihazı #kurulum  #tarifi dört renk #Elmas #su arı,Yeni kategoriler:1
Pratik Çözümler TV,Diğer,1,1,1,73501,4.0,Elektrikli Şofben Su ve Elektrik Bağlantısı Yapımı,Yeni kategoriler:1
Brahma Kümesi ,Tesisatçı / usta,1,1,1,71620,17.0,NAsıl yapılır? Çekmeli sifon iç takım değiştirme #kendinyap #kolay,Montaj:1
IKEA UAE,Diğer,1,1,1,70983,13.0,ÄNGSJÖN double washbasin assembly & installation.,Marka ve rakip:1
Duravit ZA,Diğer,1,1,1,70195,18.0,Duravit Presents... Sensowash Starck F,Marka ve rakip:1
krk.interior.desing,Dekorasyon / iç mimar,1,1,1,70065,18.0,Kapağa yapışmış ayna nasıl sökülür.  #keşfet  #discover #shorts #reels,Montaj:1
5 Minute Rhythmic İdeas,Tesisatçı / usta,1,1,1,69423,10.0,BUNA HEMEN BAKMALISIN - KİREÇLE TIKANMIŞ BATARYA TEMİZLİĞİ - Tips & Tr,Tamir ve bakım:1
Gezgin Baba,Tesisatçı / usta,1,1,1,67030,7.0,Elektrikli Şofben Montajı | Simetra Elektrikli Şofben | Köy Evi Yapımı,Yeni kategoriler:1
Basit Bir Bilgi,Tesisatçı / usta,1,1,1,66450,8.0,KÜVET GİDER DEĞİŞİMİ NASIL YAPILIR ?,Montaj:1
Kerasus Armatür,Diğer,1,1,1,65626,2.0,KERASUS ARMATÜR ANKASTRE DUŞ BATARYASI 3 YOLLU,Montaj:1
Qorex,Tesisatçı / usta,1,1,1,65452,19.0,QOREX DUŞAKABİN KURULUMU - PART 1 - DUVAR U PROFİLİ VİDALAMA,Seçim ve karşılaştırma:1
GÖKHAN ALAKUŞ,Diğer,1,1,1,64418,6.0,AÇ KAPA ARTEMA,Marka ve rakip:1
BAY MERAKLI,Tesisatçı / usta,1,1,1,63433,18.0,Banyo Klozet İç Takım Değişimi,Montaj:1
Murat TANIMAZ,Diğer,1,1,1,61268,18.0,Vitra gömme rezervuar temiz su işlenmesi,Marka ve rakip:1
Teknik Bakış,Tesisatçı / usta,1,1,1,60956,6.0,Su arıtma cihazı kurulumu montaji,Yeni kategoriler:1
Tamir Hane,Tesisatçı / usta,1,1,1,59923,10.0,Spot lamba,Yeni kategoriler:1
Temel Açıkgöz,Tesisatçı / usta,1,1,1,58075,13.0,HALOJEN SPOT LAMBA NASIL DEĞİŞTİRİLİR,Yeni kategoriler:1
NASIL YAPILIR,Tesisatçı / usta,1,1,1,57700,14.0,VİTRA GÖMME REZERVUAR ŞAMANDIRA CONTA DEĞİŞİMİ NASIL YAPILIR / REZERVU,Tamir ve bakım:1
Fatih TUNCER,Tesisatçı / usta,1,1,1,57452,2.0,Vitra Gömme Rezervuar (Kapak) Kumanda Paneli Montajı / Concealed Ciste,Tamir ve bakım:1
Tesisatçınız,Tesisatçı / usta,1,1,1,56897,18.0,Lavabo Sökme Ve Takma 2021 - Tesisatçınız,Montaj:1
Tamir Takım Teknoloji,Tesisatçı / usta,1,1,1,56400,11.0,visam gömme rezervuar kapağı nasıl açılır?,Tamir ve bakım:1
BENİM FİKRİM,Diğer,1,1,1,55293,8.0,Ledli banyo aynası yapımı,Montaj:1
Dekonil,Diğer,1,1,1,55229,7.0,Yeni Dekoratif Ürünler ile Banyo Dekorasyonu I En Trend Banyo Dekorasy,İlham ve tadilat:1
ALEA Slovakia s.r.o.,Diğer,1,1,1,55056,15.0,"Návod k WC doskám KC3131, KC3161 a KC3181",Tamir ve bakım:1
Murat Tulgar,Tesisatçı / usta,1,1,1,52980,9.0,✅Banyo Lavabosu kurulumu,Montaj:1
Özkan Yüksel,Tesisatçı / usta,1,1,1,52899,2.0,PLASTİK TAVAN GLOP MONTAJI NASIL YAPILIR,Yeni kategoriler:1
Hardware Plus,Diğer,1,1,1,51895,17.0,Her Kedili Evde Olmalı! | UBPet C20 Akıllı Otomatik Kedi Tuvaleti İnce,Seçim ve karşılaştırma:1
Eddas Home,Diğer,1,1,1,51538,15.0,Banyo Fayans Boyama,İlham ve tadilat:1
DİPLOMALI USTA,Tesisatçı / usta,1,1,1,51103,5.0,FAYANS ÜSTÜNE FAYANS OLURMU?,İlham ve tadilat:1
Turkuaz Seramik,Tesisatçı / usta,1,1,1,51085,14.0,CeraStyle Asma Klozet Gizli Montajı,Marka ve rakip:1
Ustam servis,Tesisatçı / usta,1,1,1,46471,9.0,Doğalgazlı Şofben Nasıl Çalışır? 🛠️ Ateşleme Yapmıyor ve Isıtmıyorsa İ,Yeni kategoriler:1
Mobilya Sarayı,Dekorasyon / iç mimar,1,1,1,45674,20.0,Koçtaş banyo dolabı modelleri 2019 - 2020,Marka ve rakip:1
Haluk Bey’in Çiftliği,Tesisatçı / usta,1,1,1,44729,9.0,Gömme rezervuar sıva altı montajı nasıl yapılır detaylı anlatım,Montaj:1
Makine Saati,Tesisatçı / usta,1,1,1,44544,18.0,SU ARITMA MUSLUĞU DAMLAMA TAMİRİ,Yeni kategoriler:1
Hanedan Su Arıtma,Tesisatçı / usta,1,1,1,38498,5.0,SU ARITMA CİHAZI MONTAJ NASIL YAPILIR? AYRINTILI ANLATIM,Yeni kategoriler:1
Nasıl Yapılır Kendin Yap,Tesisatçı / usta,1,1,1,37643,1.0,şofben nasıl bağlanır - elektirikli şofben kurulumu - şofben bağlantıs,Yeni kategoriler:1
ismail U,Tesisatçı / usta,1,1,1,36811,5.0,"Sifona su dolmuyor, şamandıra süzgec tıkanması",Tamir ve bakım:1
Sidelyaze Home,Diğer,1,1,1,36731,8.0,Lavabo çevresini daha düzenli ve işlevsel hale getiren şerit tasarımlı,Yeni kategoriler:1
İstanbul Avize Tamiri,Tesisatçı / usta,1,1,1,36504,5.0,Koçtaş Banyo Dolabı Montajı Nasıl Yapılır? #koçtaş #banyodolabımontajı,Marka ve rakip:1
SEDA KARDAŞ,Diğer,1,1,1,36130,8.0,BANYO DEKORASYONU ‼️ #evim#banyo#tadilat#izmir,İlham ve tadilat:1
Ürün İnceleme,Tesisatçı / usta,1,1,1,34614,15.0,DUŞAKABİN'E SİLİKON NASIL ÇEKİLİR?,Tamir ve bakım:1
heating & plomberie kombi servisi  تدفئة و سباكة,Tesisatçı / usta,1,1,1,33977,10.0,Vitra marka tuvalet nasıl kurulur كيفية تركيب تواليت جداري ماركة فيترا,Marka ve rakip:1
Santexnika Shop,Diğer,1,1,1,33849,16.0,Dekorativ Borulu Bas-Aç Sifon | Pop Up Syphon with Adjustable Decorati,Montaj:1
Muhammed Hilmi Zorlu,Tesisatçı / usta,1,1,1,33733,11.0,Klozet kapağı montajı,Tamir ve bakım:1
İNTERNET MERKEZİ - Uygun İnternetin Adresi,Tesisatçı / usta,1,1,1,32707,8.0,ÜTÜ KİREÇ TEMİZLİĞİ NASIL YAPILIR | Arçelik BEU 9030 D ARİA,Tamir ve bakım:1
HER ŞEYDEN BİRAZ,Tesisatçı / usta,1,1,1,32136,17.0,Elektrikli Şofben Suyu Isıtmıyorsa Tamiri İçin Basit Yol!..,Yeni kategoriler:1
Ebral Ceylin,Diğer,1,1,1,30759,10.0,Fayans boyama önce-sonra,İlham ve tadilat:1
Toti Banyo,Diğer,1,1,1,30516,18.0,Yeni Nesil Akıllı Klozet: Alliance,Montaj:1
enerji571TV,Tesisatçı / usta,1,1,1,29546,4.0,TOKİ BANYOLARINDAKİ KARE LAMBA YANMIYOR NASIL DEĞİŞTİRİRİM- KARE SPOT ,Yeni kategoriler:1
Bıdık Amca,Diğer,1,1,1,29419,10.0,GÖMME SİFON SU DOLDURMUYOR SORUNUNA NET ÇÖZÜM,Tamir ve bakım:1
Sare's,Diğer,1,1,1,28858,7.0,BANYO YENİLEME | BANYO DOLABI BOYAMA (UYGUN FİYATA DOLAPLARINIZI KENDİ,Seçim ve karşılaştırma:1
Homeglass,Tesisatçı / usta,1,1,1,28438,7.0,Flat duş teknesi montajı,Montaj:1
nefa yapi,Tesisatçı / usta,1,1,1,28168,17.0,Fleko Spiralli Mutfak Bataryası montaj,Yeni kategoriler:1
Pınar Öztürk İnal,Diğer,1,1,1,28030,6.0,GRANİT EVYEDEN MEMNUN MUYUM ?? İzlemeden evye almayın! | En çok merak ,Yeni kategoriler:1
Abdullah S. Bayraktaroğlu,Diğer,1,1,1,27863,10.0,E Spring (Amway) Su Arıtma Cihazında Tek Armatür Kullanılması. 27.07.2,Yeni kategoriler:1
Video Arşivi,Tesisatçı / usta,1,1,1,27529,3.0,Küvet montajı yapan dahi ustalar.,Montaj:1
Fikoloji,Diğer,1,1,1,27243,18.0,Mil Elegance Kapalı Kasa Su Arıtma Cihazı,Yeni kategoriler:1
Otomotivi,Diğer,1,1,1,26676,17.0,Sanayi Halkına Sorduk: Sizce En İyi Akü Markası Hangisi? | Otomotivi,Seçim ve karşılaştırma:1
Bay Tamir □,Tesisatçı / usta,1,1,1,26671,9.0,Musluk Bataryaları Nasıl Parlatılır,Tamir ve bakım:1
DH+,Diğer,1,1,1,25970,15.0,Elektrikli Otomobil Pil Tiplerinden LFP ve NMC Karşı Karşıya! Hangisi ,Seçim ve karşılaştırma:1
Musa Bg,Tesisatçı / usta,1,1,1,25936,20.0,Telefon Batarya Değişim(yan sanayi Deji) ile 6 Aylık Kullanım Deneyiml,Seçim ve karşılaştırma:1
seramiksanas,Tesisatçı / usta,1,1,1,25589,13.0,Seramiksan Klozet  Kapak Montajı Nasıl Yapılır?,Montaj:1
Ev Dekorasyon Fikirleri (Ev Dekorasyonu),Dekorasyon / iç mimar,1,1,1,24806,9.0,2019 İkea Banyo Aksesuarları,Marka ve rakip:1
KARA AYAZ,Tesisatçı / usta,1,1,1,24610,10.0,"Havlupan Montajı Nasıl Yapılır, Detaylı Anlatım.",Montaj:1
Senyang Medical & Home Care,Diğer,1,1,1,24419,12.0,Smart Bathing Care: Features and Practical Effects Display of Elderly ,Yeni kategoriler:1
XDIY with Itzik,Diğer,1,1,1,24253,18.0,How To Install A Pop-Up Basin Waste | Faucet / Tap Installation - Part,Marka ve rakip:1
Furkan Genç,Diğer,1,1,1,24072,3.0,14 Farklı Pili Test Ettik - En İyi Pil Hangisi Sizce?,Seçim ve karşılaştırma:1
Dilaver Tesisat-İnşaat,Tesisatçı / usta,1,1,1,23449,5.0,Havlupan Montaj,Montaj:1
Yorgun Pusula,Diğer,1,1,1,22401,6.0,"Visam Gömme Rezervuar Tutukluk Yapıyor , Su Doldurmuyor . Çözümlü Vide",Tamir ve bakım:1
Su Perisinin Mutfağı,Diğer,1,1,1,21987,12.0,Neden Granit Evye Aldım ?,Yeni kategoriler:1
Emine Yabacıoğlu Biz Bize Her Telden,Tesisatçı / usta,1,1,1,21933,9.0,Duşakabin Tekerlerini Değiştirme/ Yerinden Çıkan Duşakabin Kapağını Ay,Tamir ve bakım:1
Sevilay ile Pratik Bilgiler,Tesisatçı / usta,1,1,1,21833,4.0,Mutfak Tezgahına Silikon Nasıl Çekilir? | Mutfak Tezgahına Silikon Çek,Tamir ve bakım:1
Onu De Ya,Tesisatçı / usta,1,1,1,21398,20.0,Boy aynası montajı yapıyoruz,Montaj:1
TechWorm,Tesisatçı / usta,1,1,1,21094,13.0,HAVLUPAN DEĞİŞİMİ & MONTAJI (HAVLUPAN DELİNDİ - SU DAMLATIYOR),Montaj:1
RedShift Films,Diğer,1,1,1,20859,13.0,ARTEMA - Last Sweet Romance PV,Marka ve rakip:1
Izyapi Sanitaryware Equipments,Tesisatçı / usta,1,1,1,20786,8.0,Eksantrik Asma Klozet Montaj Kiti 25 mm / Connection Set For Wall-Hung,Seçim ve karşılaştırma:1
Ata Tartı,Diğer,1,1,1,20532,9.0,"Türkiye'deki En İyi Terazi Markaları – Kalite, Fiyat ve Satıcı Karşıla",Seçim ve karşılaştırma:1
İBRAHİM Kaplan tesisat,Tesisatçı / usta,1,1,1,19738,2.0,Havlupan montajı nasıl yapılır - ibrahimkaplan tesisat,Montaj:1
Şeyda Taktak,Diğer,1,1,1,19561,12.0,kiracı dostu banyo yenileme | yerleri folyo ile kapladım!,İlham ve tadilat:1
Cadence Craft,Diğer,1,1,1,18988,16.0,Cadence AMBIANTE Mat Akrilik Islak Zemin Boyası Nasıl Uygulanır?,İlham ve tadilat:1
Batuhan Yürekli,Diğer,1,1,1,18808,8.0,WOYAX PREMIUM BATARYA MI DEJİ BATARYA MI ? İKİSİNİ DE DENE TARAFINI SE,Seçim ve karşılaştırma:1
Mehmet Çınar,Diğer,1,1,1,18650,13.0,SERAMİK ÜSTÜNE SERAMİK YAPIŞTIRMA,İlham ve tadilat:1
Kutu Evim,Tesisatçı / usta,1,1,1,18508,11.0,ÇAMAŞIR MAKİNESİ İÇİN DOLAP MODELİ FİKRİ VE MONTAJI | washing machine ,Montaj:1
Tesisat Evim,Tesisatçı / usta,1,1,1,18172,2.0,DUŞAKABİN TEKERLEĞİ NASIL DEĞİŞTİRİLİR.,Tamir ve bakım:1
Tesisatci hakan,Tesisatçı / usta,1,1,1,17692,12.0,"Kilifli Boru,Radyatör Vanasi,Havlupan montaji",Montaj:1
Brat Mobilya,Dekorasyon / iç mimar,1,1,1,17439,9.0,B078 Brat 70x80 Buğu Çözücülü Dokunmatik Led Ayna,Montaj:1
MUTLU AİLEM,Diğer,1,1,1,17284,17.0,EYLÜL 2025 İKEA TURU/YENİ ÜRÜNLER/İNDİRİMLER/MUTFAK/EV AKSESUARLARI /B,Marka ve rakip:1
Emre A. Bayar,Tesisatçı / usta,1,1,1,16921,8.0,Musluk Kartuşu Nasıl Değiştirilir? (Musluk Değiştirmeyin Onarınız),Tamir ve bakım:1
hadi yapalım,Tesisatçı / usta,1,1,1,16761,11.0,Lavabolu Banyo Dolabı Montajı,Montaj:1
İLGİ BİLGİ,Tesisatçı / usta,1,1,1,16136,5.0,"Damlatan Musluk Tamiri, Musluk Batarya tamiri, sıfır masraf izle...",Tamir ve bakım:1
Banyo Sepeti,Tesisatçı / usta,1,1,1,15772,17.0,Klozet Kapağı Kauçuk Dübel Değişimi,Tamir ve bakım:1
Kendin Yap (GAP YAPI),Tesisatçı / usta,1,1,1,15605,15.0,Klozet Kapağı Montajı| Göründüğünden Daha Basit!!!| Kendin Yap,Montaj:1
RS DekoR,Dekorasyon / iç mimar,1,1,1,15416,4.0,Musluk Tamiri ✅ Damlatan musluk tamiri,Tamir ve bakım:1
bydekorasyon,Dekorasyon / iç mimar,1,1,1,15403,14.0,Hepsiburada Banyo Dolapları & Fiyatları (ÇOK SATANLAR),Seçim ve karşılaştırma:1
Bilgi Rehberim,Tesisatçı / usta,1,1,1,15353,8.0,Banyo Asma Tavan Lamba Değişimi,Yeni kategoriler:1
HÜPPE Türkiye,Tesisatçı / usta,1,1,1,15103,17.0,Purano Montajı | HÜPPE Türkiye,Montaj:1
Mahmut Yılmaz,Diğer,1,1,1,13779,11.0,seramik boyama#kalebodur boyama#fayans boyama#boya #vernik,İlham ve tadilat:1
Yapı Servis San Tic Ltd Sti,Tesisatçı / usta,1,1,1,13693,8.0,"Dallmer yer kazandıran lavabo sifonu, koku önleyici, ayarlanabilir gid",Tamir ve bakım:1
Esnafın Yeri,Diğer,1,1,1,13571,19.0,Geberit Marka Gömme Rezervuar Ölçüleri 4k video,Marka ve rakip:1
USTA İŞİ,Tesisatçı / usta,1,1,1,13030,9.0,Dikkat !! Banyo Havlupan  vana montajı Nasıl Yapılır.!!,Montaj:1
Serdivan Tesisat Gömme Rezervuar Tamir Servisi,Tesisatçı / usta,1,1,1,12824,8.0,KALE GÖMME REZERVUAR SU DOLMUYOR TAMİRİ | SAKARYA GÖMME REZERVUAR SERV,Tamir ve bakım:1
onur taşkaya,Diğer,1,1,1,12535,20.0,SMARTPLUS AKILLI KLOZET KAPAĞI-ISVEA ECE BANYO -ROTA GRUP,Montaj:1
Antalya Duşakabin Küvet Jakuzi Duş Teknesi Fiyatları İmalatı Firmaları,Tesisatçı / usta,1,1,1,12506,15.0,Antalya Küvet Montajı,Montaj:1
FİXİR,Tesisatçı / usta,1,1,1,12491,2.0,ECA Niobe Serisi- Banyonu değiştirmek istiyorsan kesinlikle izlemelisi,Marka ve rakip:1
T-One,Diğer,1,1,1,12457,9.0,"Hakan Kütahya x Kale Banyo, T-One & Kalebodur",Marka ve rakip:1
CBTx Global,Diğer,1,1,1,12241,3.0,3 Yollu Mutfak Bataryası Muslukları İçme Suyu Filtresi Musluğu,Yeni kategoriler:1
SRS TEKNOLOJİ- Serdar ERAS,Diğer,1,1,1,12129,14.0,3 yollu Su Arıtma musluğu,Yeni kategoriler:1
Pehlivan Usta,Tesisatçı / usta,1,1,1,11736,17.0,Klozet Şamandıra Su Ayari Nasıl Yapılır? Çok Basit!,Tamir ve bakım:1
TÜRKİYE'NİN REKLAMLARI,Diğer,1,1,1,11559,2.0,Her türlü çözüm Koçtaş’ta! Banyo - KOÇTAŞ Reklamı,Marka ve rakip:1
Koray HAZAR,Tesisatçı / usta,1,1,1,11295,7.0,Tuvalet Deneyimini Değiştiren İcat! 🚽 Şımart Akıllı Klozet Kapağı İnce,Seçim ve karşılaştırma:1
ANLIK KARE,Diğer,1,1,1,10931,20.0,"IKEA SEPET,DÜZENLEYİCİ,BANYO… ÜRÜNLERİ.KAP ÇAYINI TAKIL VİDEO’YA🥳😍🥰",Marka ve rakip:1
Turker oğuztürk,Diğer,1,1,1,10778,8.0,merdivenli çocuk tuvalet aparatı,Yeni kategoriler:1
BEKİR TAŞKIN,Tesisatçı / usta,1,1,1,10587,5.0,Plastik Tavan Glop Lamba Değişimi 🔧 | Adım Adım Pratik Anlatım 💡 (Yeni,Yeni kategoriler:1
Ali Çelikkol,Diğer,1,1,1,10012,15.0,BMS Neden Gereklidir? | 18650 Piller ve Tüm BMS Bağlantıları | Lityum ,Seçim ve karşılaştırma:1
DİVERSO HOME,Tesisatçı / usta,1,1,1,9916,14.0,D-204 DİVERSO HOME ÇAMAŞIR MAKİNESİ DOLABI KURULUMU,Montaj:1
Vaybe,Diğer,1,1,1,9446,5.0,"Tıkalı Lavabo Nasıl Açılır, 1 Dakikada Lavabo Açma",Tamir ve bakım:1
Guven Karakiz,Tesisatçı / usta,1,1,1,9080,18.0,Öğren ve Öğret serel Gömme kilozet montajı nasıl yapılır.detaylı anlat,Marka ve rakip:1
10 numara 5 yıldız,Diğer,1,1,1,8972,18.0,TÜM AŞAMA ve MAALİYETLERİ ile BANYO TADİLATI // BANYOYU BAŞTAN YARATTI,İlham ve tadilat:1
AYVAZOĞLU TİCARET,Tesisatçı / usta,1,1,1,8957,7.0,Nkp Çocuk Adaptörlü Klozet Kapağı Montajı,Yeni kategoriler:1
Evinizin Ustası,Tesisatçı / usta,1,1,1,8725,17.0,klozet kapağı montajı / klozet kapağı nasıl değiştirilir / ev işleri /,Montaj:1
Vogue Spas & Bathrooms,Diğer,1,1,1,8542,16.0,duravit starck3 replacement soft close seat cover 006389000 video,Marka ve rakip:1
bukkadus,Tesisatçı / usta,1,1,1,8494,15.0,İki Duvar Arası Duşakabin Montajı – Kolay ve Pratik Kurulum,Montaj:1
MEKANİKER,Tesisatçı / usta,1,1,1,8228,8.0,grohe rapido smartbox smartcontrol montaj videosu,Marka ve rakip:1
Sevim'in İşleri,Tesisatçı / usta,1,1,1,8216,13.0,Banyo ve Tuvalet Mobilya Kurulumu - Banyo Dolabı Kurulumu - Dolap kuru,Seçim ve karşılaştırma:1
Hamdi kabalcı,Diğer,1,1,1,7950,13.0,DUŞAKABİN TEKERİ-DUŞAKABİN RULMANI-DUŞKABİNİ PARÇALARI-DUŞKABİNİ-ÖZEL ,Tamir ve bakım:1
Nazim Uyar,Diğer,1,1,1,7934,17.0,"Carisa  Radyatör, Havlupan radyatör, Paslanmaz radyatör, Havlupanlar, ",Yeni kategoriler:1
HvC,Tesisatçı / usta,1,1,1,7511,19.0,Duşa kabin tekerlek değiştirme,Tamir ve bakım:1
Zortaş Concept,Diğer,1,1,1,6998,6.0,BANYO DEKORASYON FİKİRLERİ - BANYO TASARIMLARI,İlham ve tadilat:1
MONAQUA,Tesisatçı / usta,1,1,1,6942,12.0,Arteko Kare-Dikdörtgen Duşakabin Kurulum Videosu - Kolay ve Pratik Mon,Montaj:1
tavsiye et,Diğer,1,1,1,6911,17.0,Eğitici Eğlenceli Klozet Lazımlık                                     ,Yeni kategoriler:1
Ev Hanımıyız,Diğer,1,1,1,6752,18.0,Kireçlenmiş Musluk Temizliği💯 Batarya Kireci Nasıl Temizlenir💧,Tamir ve bakım:1
KAREN ,Diğer,1,1,1,6644,2.0,KAREN BANYO Fabrika Tanıtım Filmi,Seçim ve karşılaştırma:1
Gizem Kösoğlu,Diğer,1,1,1,6584,16.0,Potette Plus Portatif Lazımlık ve Eğitici Oturak | Tuvalet Eğitimi,Yeni kategoriler:1
ÇAVUŞ AİLESİNİN GÜNLÜĞÜ,Diğer,1,1,1,6076,6.0,400 TL YE LÜKS BANYO DOLABI ALDIK❌YENİ EVİN EKSİKLERİ TAMAMLANIYOR❌BAN,Marka ve rakip:1
HKTasarımTamirat,Dekorasyon / iç mimar,1,1,1,6067,8.0,Klozet (Alafranga Tuvalet) Kapağı Menteşesi Nasıl Değiştirilir,Tamir ve bakım:1
Esin Yolcular,Diğer,1,1,1,6042,17.0,MUTFAK MOBİLYALARINDA MALZEME SEÇİMİ (MDF/SUNTA) (AHŞAP/LAKE/MEMBRAN/A,Seçim ve karşılaştırma:1
Deniz Tunca Tv,Diğer,1,1,1,5852,7.0,İş'te Moda | Duşakabin seçimi nasıl olmalı?,Seçim ve karşılaştırma:1
Sahibinden 13,Diğer,1,1,1,5839,8.0,Toptan Banyo Dolapları ❣️ Klozet Fiyatları Kargo Vardır #banyo #dolap ,Marka ve rakip:1
yediyapimarket,Diğer,1,1,1,5753,4.0,"Arıtmalı mutfak bataryaları,",Yeni kategoriler:1
Emine ERSOY,Diğer,1,1,1,5737,5.0,EN DOĞAL KİREÇ ÇÖZÜCÜ. KİREÇLİ MUSLUK BATARYA TEMİZLİĞİ,Tamir ve bakım:1
Duravit Juguetes,Diğer,1,1,1,5675,6.0,Duravit Tractor,Marka ve rakip:1
Tolunay İbiş,Tesisatçı / usta,1,1,1,5651,1.0,Taş Lavabo Montajı,Montaj:1
Pilise sineklik perde cam balkon perdesi,Tesisatçı / usta,1,1,1,5614,18.0,duş teknesi montaj ... 🛠️📐  📞05335800504 www. erikmancambalkon.com htt,Montaj:1
DB Aksesuar,Diğer,1,1,1,5608,10.0,Trendyol Kodu TRY990472 Merdivenli Tuvalet Eğitimi Aparatı Çocuk Kloze,Yeni kategoriler:1
Cengiz Kaymaz,Diğer,1,1,1,5304,11.0,Bataryası En Güçlü 5 Telefon – 2 Gün Yetiyor mu?,Seçim ve karşılaştırma:1
babymaxitr,Diğer,1,1,1,5067,9.0,Klozet adaptör 🐚,Yeni kategoriler:1
ESMOPA MOBİLYA,Dekorasyon / iç mimar,1,1,1,5051,13.0,Esmopa çamaşır makinesi için dolap,Montaj:1
İndirim vakti,Diğer,1,1,1,4918,15.0,Koçtaş Yarıyıl Fırsat Ürünleri | Koçtaş Dolap Çalışma Masası Banyo Dol,Marka ve rakip:1
EFEHAN MAKİNA OTOMASYON,Diğer,1,1,1,4807,15.0,termostatik banyo batarya ısı test makinası,Montaj:1
Dekorher,Dekorasyon / iç mimar,1,1,1,4752,18.0,Duşakabin seramik uygulaması #başarı #seramik #motivasyon #home,Seçim ve karşılaştırma:1
@kendimcebidamla,Diğer,1,1,1,4744,1.0,SİYAH EVYE / Siyah evye temizliği hiç bu kadar kolay olmamıştı 🥰,Tamir ve bakım:1
Samir GÜLER,Diğer,1,1,1,4684,10.0,Banyo Tadilatında Dikkat Edilmesi gerekenler,İlham ve tadilat:1
Furkan yapı,Tesisatçı / usta,1,1,1,4664,19.0,japar klozet kapağı  menteşe değişimi,Tamir ve bakım:1
Hakan Karsligil,Diğer,1,1,1,4528,3.0,Toyopan PVC Foam Banyo Dolap Hilton,Seçim ve karşılaştırma:1
İndirim Notu,Diğer,1,1,1,4238,1.0,KOÇTAŞ 2025 BANYO DOLAPLARI YAZ FIRSATLARI KOÇTAŞ YENİLER,Marka ve rakip:1
Tamir Tadilat,Tesisatçı / usta,1,1,1,4173,11.0,DUŞAKABİN CAMI TEKERLEK DEGİŞİMİ.,Tamir ve bakım:1
Maro GmbH - Der Dusch-WC-Spezialist,Diğer,1,1,1,3787,12.0,Vitra V-Care Prime Rimex Smart Wall Hung WC - Tooaleta Shower Toilets,Marka ve rakip:1
Özkal Yapı Ekrem Hasan,Tesisatçı / usta,1,1,1,3653,14.0,#BANYO TADİLATI NASIL YAPILIR.#EVRİM GEÇİREN BİR BANYO DAHA KARŞINIZDA,İlham ve tadilat:1
Hayriye Cancağız Aslaneli,Diğer,1,1,1,3608,20.0,TUVALET EĞİTİMİ SÜRECİNDE KULLANIP MEMNUN KALDIĞIM ÜRÜNLER #işbirliği,Yeni kategoriler:1
Vezir Serin,Diğer,1,1,1,3539,7.0,ÇAMAŞIR MAKINASI DOLABI 2,Montaj:1
MekaTes,Diğer,1,1,1,3520,12.0,Kırıp Dökmeden Asma klozet / Gömme Rezarvuar Tadilatı.  How to repair ,Seçim ve karşılaştırma:1
Radyal Isıtma Sistemleri,Tesisatçı / usta,1,1,1,3488,16.0,Havlupan Kurulumu Nasıl Yapılır? Adım Adım Kılavuz,Montaj:1
VatandasTR,Diğer,1,1,1,3398,7.0,Eski Fayans üzerine - Çok Kolay Seramik Döşedik#seramik #keşfet #trend,İlham ve tadilat:1
Pershing Plumbing,Diğer,1,1,1,3115,17.0,Duravit toilets are dumb,Marka ve rakip:1
Rivaniva Toptan Elektrik Malzemeleri,Diğer,1,1,1,3068,15.0,Banyo tadilatı ne kadar tutar ? Maliyeti nedir ?  Denizli banyo tadila,İlham ve tadilat:1
Çağdaş Yapı Market,Tesisatçı / usta,1,1,1,3028,12.0,E.C.A. | Termostatik Ankastre Banyo Duş Bataryası Montaj Videosuvideo ,Montaj:1
Her Gün Yeni Ürün,Diğer,1,1,1,3028,15.0,"Oynar başlıklı hareketli duşakabin tekerlekleri, Mafsallı Sarhoş Teker",Tamir ve bakım:1
Evden Dersler,Tesisatçı / usta,1,1,1,3004,19.0,ECA Serel hijyen klozet kapak menteşe amortisör değişimi,Marka ve rakip:1
Sonsuz Olasılık,Tesisatçı / usta,1,1,1,2915,17.0,Çuval Ev İçin Mutfak Tezgahı ve Evye Montajı,Yeni kategoriler:1
Murat Us,Tesisatçı / usta,1,1,1,2817,9.0,ankastre banyo bataryası montaj yapılmış hali 👍🚿,Montaj:1
Bladimo,Tesisatçı / usta,1,1,1,2692,3.0,Bladimo - Üst Kapaklı Çamaşır Makinesi Dolabı Montajı,Montaj:1
Bu Benim İşim,Tesisatçı / usta,1,1,1,2563,7.0,Mutfak Batarya Değişimi Tamiri - Fucet Repair musluk su damlatıyor,Tamir ve bakım:1
Sergii Odynokov,Diğer,1,1,1,2448,19.0,Унитаз подвесной безободковый Creavit Elegant,Marka ve rakip:1
Bilge'den Pratikler,Diğer,1,1,1,2407,14.0,Batarya temizliği/ Musluktaki kireç ve su lekelerine kesin çözüm,Tamir ve bakım:1
Tuğba'dan,Diğer,1,1,1,2404,14.0,Banyo Yenileme | İnşaat Temizliği| Ikea Banyo | Hazır Ramen Deneyimi,Marka ve rakip:1
Oğuzhan KOÇAK,Tesisatçı / usta,1,1,1,2380,8.0,DUŞAKABİN TEKERLEĞİ DEĞİŞİMİ,Tamir ve bakım:1
220 Вольт,Diğer,1,1,1,2343,9.0,Система креплений Duravit Durafix,Marka ve rakip:1
Pixel Fabrikası,Diğer,1,1,1,2313,10.0,Creavit Elegant Klozet 3D Animasyon Tanıtım Filmi | Pixel Fabrikası,Marka ve rakip:1
Büşra Yürük,Diğer,1,1,1,2309,5.0,Banyo Tadilatı Yaptıracaklar için Bazı Öneriler | Memnun Kaldıklarımız,İlham ve tadilat:1
Netzemin.net,Diğer,1,1,1,2229,13.0,ECA Electra Batarya,Marka ve rakip:1
Evan Yapı,Tesisatçı / usta,1,1,1,2218,7.0,Shock Granit Eviye Montajı | Granit Evye Montajı Nasıl Yapılır?,Yeni kategoriler:1
EBRAR SERRA VE MİRA,Diğer,1,1,1,2217,13.0,POLEX GRANİT EVYE-DUŞTEKNESİ,Yeni kategoriler:1
Yapı Marka,Diğer,1,1,1,2188,4.0,Geberit Gömme Rezervuar Seti Kampanyası - YapıMarka,Marka ve rakip:1
Ay Yapı Teknik Cam Balkon Sistemleri,Tesisatçı / usta,1,1,1,2148,14.0,Lüks Camlı Duşakabin,Seçim ve karşılaştırma:1
Termorad,Tesisatçı / usta,1,1,1,2143,4.0,Termorad Havlupan Montaj Videosu,Montaj:1
Can'ın Atölyesi,Diğer,1,1,1,2139,5.0,Batarya Yönetme Sistemi yani BMS nedir ?,Seçim ve karşılaştırma:1
Akordsuz adam,Tesisatçı / usta,1,1,1,2061,19.0,"KARAVAN YAPIMI 20 - ARAÇ ALTI SU TESİSATI, DUŞ TEKNESİ MONTAJI, HİÇBİR",Montaj:1
TİMUR KUŞDEMİR,Tesisatçı / usta,1,1,1,2043,11.0,havlupan Banyopan Radyatör BEYAZ duvara montaj seti ayağı duvara nasıl,Montaj:1
Oyku Yurci,Diğer,1,1,1,2026,3.0,IKEA'DAN MUTFAK ve BANYO BAKIYORUZ / Dolap ASMR #asmr #asmrvideo #ikea,Marka ve rakip:1
Nigar & Craft,Tesisatçı / usta,1,1,1,1937,8.0,Gömme Rezervuar Montajı: Adım Adım Anlatım,Montaj:1
BiReklam TV,Diğer,1,1,1,1920,1.0,Artema Engin Günaydın 10 Yıl Garanti Reklamı,Marka ve rakip:1
E Mühendislik,Tesisatçı / usta,1,1,1,1865,2.0,Elektrikli Havlupan Kurulum Detaylar,Yeni kategoriler:1
deriatolyesihobi,Tesisatçı / usta,1,1,1,1783,13.0,Duşteknesi ve duşakabin montajı Duşakabin ve duş teknesi yapımı,Montaj:1
mehmet özmimar,Dekorasyon / iç mimar,1,1,1,1703,15.0,Öncesi-Sonrası İç Mekan Yenileme Tadilat Projesi,İlham ve tadilat:1
Mehmet BALON 58 (ELEKTRİKLİ ARAÇLAR),Tesisatçı / usta,1,1,1,1695,18.0,Motolux  Fayton Fx 22  60 V 50 Ah Lifepo4 Batarya Montajı,Seçim ve karşılaştırma:1
QS Supplies,Diğer,1,1,1,1680,15.0,Duravit Rimless Technology,Marka ve rakip:1
VİMAR YAPI,Tesisatçı / usta,1,1,1,1644,12.0,Klozet Kapağı Danper Adaptör Demontaj Montaj,Tamir ve bakım:1
Cresta Banyo,Diğer,1,1,1,1574,18.0,CRESTA Banyo Mobilyaları,Seçim ve karşılaştırma:1
WITHOUT WORDS,Diğer,1,1,1,1525,14.0,Assemblage flat shower,Montaj:1
AnlatıYorum Tekno,Tesisatçı / usta,1,1,1,1404,13.0,BANYO VE MUTFAK SİLİKON ÇEKME İŞLEMİ | SİLİKON NASIL SÖKÜLÜR - SİLİKON,Tamir ve bakım:1
Yeni Vitrin,Tesisatçı / usta,1,1,1,1381,4.0,4 Kapaklı Çok Amaçlı MDF Banyo Dolabı Kurulumu,Seçim ve karşılaştırma:1
Elif Merve TUNÇBİLEK,Diğer,1,1,1,1366,19.0,ÇEYİZ ALIŞVERİŞİM PART 3 🛍️ BANYO ÜRÜNLERİ 🛒 TRENDYOL IKEA BİM #çeyiza,Marka ve rakip:1
Ev Dekorasyon Mimarlık ®,Dekorasyon / iç mimar,1,1,1,1342,2.0,"KÜÇÜK BANYOLAR İÇİN DEKORASYON ÖNERİLERİ NELERDİR, BANYO TADİLAT FİKİR",İlham ve tadilat:1
AL Nalburiye,Diğer,1,1,1,1325,8.0,Eca Dalia Banyo Bataryası,Marka ve rakip:1
Tuzla Granit Mermer / Bekmer ,Diğer,1,1,1,1291,20.0,Real granit evye | Real evye |,Yeni kategoriler:1
Эко Душ,Diğer,1,1,1,1253,11.0,Duravit | SensoWash® Slim Dusch WC Handhabung und Funktionen,Marka ve rakip:1
Damlalife Su Arıtma,Tesisatçı / usta,1,1,1,1249,16.0,Açık Kasa Pompasız Su Arıtma Cihazı Montajı,Yeni kategoriler:1
Beyza’dan Geleceğe Hatıralar,Diğer,1,1,1,1246,19.0,Koçtaş Turu / Mağaza Turu / Banyo Modelleri,Marka ve rakip:1
Vitra Georgia,Marka,1,1,1,1221,17.0,VitrA - V-Care,Marka ve rakip:1
Royal Duş A.Ş. -Üretici Firma Jakuzi & Duşakabin,Diğer,1,1,1,1207,14.0,Aslan Ayaklı Özel Küvet - Royal Duş,Montaj:1
Banyocity,Tesisatçı / usta,1,1,1,1047,5.0,Geberit Duofix Sigma 8cm Alçıpan Duvar / Montaj,Marka ve rakip:1
Netzemin Online Mağazacılık,Diğer,1,1,1,1025,5.0,E C A  FOTOSELLİ BATARYA TANITIM FLİMİ,Marka ve rakip:1
Legna Decor,Diğer,1,1,1,1014,19.0,MDF mi Sunta mı? PVC Kaplama ile Mobilya Ömrünü Uzat!,Seçim ve karşılaştırma:1
Havas İstanbul,Diğer,1,1,1,980,19.0,VitrA’nın akıllı klozeti V-Care,Marka ve rakip:1
Evdeki Usta,Tesisatçı / usta,1,1,1,939,19.0,ZVG marka İNLANE22 model Su Arıtma Cihazı Kurulumu,Yeni kategoriler:1
Quup Heating,Tesisatçı / usta,1,1,1,937,14.0,Alüminyum havlupan Montaj Videosu,Montaj:1
Çanakkale Seramik,Diğer,1,1,1,914,15.0,Hayatı Kolaylaştıran Banyo Mobilyaları Kale'de!,Marka ve rakip:1
Creavit TV,Diğer,1,1,1,909,12.0,Монтаж подвесного безободкового унитаза Creavit Elegant,Marka ve rakip:1
DEBUDE,Tesisatçı / usta,1,1,1,902,6.0,Duşakabin tekeri nasıl takılır? Dikkat edilmesi gerekenler neler? Duşa,Tamir ve bakım:1
Zicra Radyatör,Tesisatçı / usta,1,1,1,884,8.0,ZİCRA ELEKTRİKLİ RADYATÖR MONTAJ TALİMATI,Yeni kategoriler:1
Mehmet Kabak,Diğer,1,1,1,873,8.0,AKILLI KLOZET,Seçim ve karşılaştırma:1
Bak Buraya,Diğer,1,1,1,831,9.0,Lupobianco 5 Yıl Garantili Arıtmalı 3 Yollu Krom Mutfak Bataryası #rek,Yeni kategoriler:1
Bilgi ve Eğlence Zamanı,Tesisatçı / usta,1,1,1,785,17.0,Banyo Spot Lamba Nasıl Değiştirilir,Yeni kategoriler:1
Artim Mobilya,Dekorasyon / iç mimar,1,1,1,760,10.0,Artim&intarz Çok Amaçlı Kitaplık & Mutfak & Banyo Dolabı Kurulumu,Marka ve rakip:1
lazimsakap,Diğer,1,1,1,753,12.0,Cocuk Tuvalet Egitim Adaptoru Merdivenli #işbirliği,Yeni kategoriler:1
Stella  Mutfak&Banyo | Fikir&Sanat,Diğer,1,1,1,738,2.0,#banyo #tadilat #öncesisonrası #beforeafter,İlham ve tadilat:1
SIRMADUS DUSAKABIN VE CAM BALKON İMALATI,Tesisatçı / usta,1,1,1,725,16.0,SIRMA DUŞ MONTAJ 1,Montaj:1
Lasandra Rago,Diğer,1,1,1,719,12.0,2000 Adet Küvet Modeli Banyo Tasarimlari İç Mimari Dekorasyon Fikirler,Montaj:1
Bocchi USA,Diğer,1,1,1,708,16.0,Installation of BOCCHI Nuova 1501 Retro-Fit Apron-Front Kitchen Sink,Marka ve rakip:1
EMRE YILMAZ,Diğer,1,1,1,637,9.0,İnternetten klozet alınır mı ??? Kale İda Klozet Kutu Açılımı,Seçim ve karşılaştırma:1
Tevfik Amca,Diğer,1,1,1,620,15.0,Tıkalı Lavabonuzu Tesisatçı Çağırmadan Açın! ESKİLERİN USULÜYLE Dakika,Tamir ve bakım:1
Dasty.Türkiye,Diğer,1,1,1,598,4.0,Dasty Profesyonel Kireç Sökücü - Batarya Temizliği,Tamir ve bakım:1
Water Global Su Arıtma Sistemleri,Tesisatçı / usta,1,1,1,595,15.0,Tezgah Altı Su Arıtma Cihazı Montajı ✔️ Kolay Kurulum Videosu | Water ,Yeni kategoriler:1
Onapco,Tesisatçı / usta,1,1,1,577,9.0,ONAPCO Su Arıtma Cihazı Montajı | Adım Adım Kurulum,Yeni kategoriler:1
SPC - SPECIAL CONCEPT MIXERS,Tesisatçı / usta,1,1,1,560,18.0,SPC ANKASTRE BANYO BATARYASI SETİ MONTAJ VİDEOSU - SPC CONCEALED BATH ,Montaj:1
Duşhome Banyo Seramik E Ticaret Sitesi,Diğer,1,1,1,559,4.0,"Lotus 115cm Abdest,Engelli ve Çocuk Banyo Dolabı,Ürün Linki Açıklama K",Yeni kategoriler:1
HAYATA DAİR,Diğer,1,1,1,548,20.0,"MUSLUK, BATARYA VE EVYELER TEK MALZEMEYLE  PIRIL PIRIL  { KİREÇ VE SU ",Tamir ve bakım:1
Enover Inc,Diğer,1,1,1,531,20.0,ESTOVE HAVLUPAN,Yeni kategoriler:1
Marka Bebek Ürünleri,Diğer,1,1,1,530,11.0,Bebek Klozet Adaptörü - Bebek Tuvalet Eğitimi Ürünleri,Yeni kategoriler:1
Teknoloji ve İsviçre,Diğer,1,1,1,469,5.0,AVRUPADA TEHARAT BORUSU BAGLAMA YONTEMLERI,Montaj:1
MORMİ YAPI ÜRÜNLERİ ,Diğer,1,1,1,469,20.0,GROHE ESSENCE KOLAY MONTE EDİLEBİLEN ŞIK LAVABO BATARYASI,Marka ve rakip:1
Mete ÖZHERSEK,Diğer,1,1,1,455,16.0,ECA SEREL 2019  CNR İSTANBUL FUAR,Marka ve rakip:1
Tevfik Oğulları,Diğer,1,1,1,402,11.0,Hareketli Banyo Dolapları,Seçim ve karşılaştırma:1
FATİH YAPI,Diğer,1,1,1,376,5.0,SensoWash® D Neo AKILLI KLOZET İlk Adımlar/Tanıtım,Seçim ve karşılaştırma:1
Fatih Esen,Tesisatçı / usta,1,1,1,359,15.0,BANYO GLOB LAMBASI MONTAJI NASIL YAPILIR,Yeni kategoriler:1
SEN HERŞEYİ YAPARSIN ,Tesisatçı / usta,1,1,1,342,12.0,BANYO AYNASI APLİK MONTAJI Mobil Video,Montaj:1
EĞLENCELİ İŞLER 01,Tesisatçı / usta,1,1,1,339,12.0,AÇ KAPA MUSLUK TAMİRİ KARTUŞ DEĞİŞİMİ,Tamir ve bakım:1
banyoistanbul,Diğer,1,1,1,335,13.0,Creavit Entegre Taharet Musluğu,Marka ve rakip:1
Hakan Nizamoğlu,Diğer,1,1,1,333,12.0,Arıtma çıkışlı eviye bataryası,Yeni kategoriler:1
Ferhad Kaban,Diğer,1,1,1,301,19.0,Eskişehir banyo tadilatı - Akarbaşı mahallesi,İlham ve tadilat:1
Eserpera ,Diğer,1,1,1,289,6.0,"Tuvalet eğitimi / Potette Plus Premium Portatif Lazımlık , Tuvalet Ada",Yeni kategoriler:1
Trak Yapı Market,Diğer,1,1,1,279,4.0,creavit elegant rim-out klozet,Marka ve rakip:1
Hakmar Express,Diğer,1,1,1,275,15.0,Hakmar Express | Tuffex Katlanabilir Çocuk Klozet Adaptörü,Yeni kategoriler:1
Trio Pazaryeri,Tesisatçı / usta,1,1,1,272,13.0,Trio Pazaryeri İstanbul 60'lık Alt Banyo Dolabı Kurulum Videosu,Marka ve rakip:1
Dizayn Tadiat,Diğer,1,1,1,265,18.0,BANYO YENİLEME/TADİLAT,İlham ve tadilat:1
Yurudesign,Tesisatçı / usta,1,1,1,265,16.0,Yurudesign Daisy Çok Amaçlı Dolap Banyo Dolabı Keçe-Beyaz DY1-WK Monta,Marka ve rakip:1
Tekerlekli Sandalye Dükkanı,Diğer,1,1,1,249,5.0,MyTec Engelli Çocuk Banyo Sandalyesi,Yeni kategoriler:1
Vesta desing,Diğer,1,1,1,248,10.0,"2026’nın En Trend 50 Modern Ev Tasarımı | Salon, Mutfak, Banyo Fikirle",İlham ve tadilat:1
IBO GUL,Diğer,1,1,1,244,3.0,ELEKTRİKLİ HAVLUPAN YAPIMI,Yeni kategoriler:1
Evinizin Tesisatçısı,Tesisatçı / usta,1,1,1,174,20.0,Vitra Gömme Rezervuar Montajı Nasıl Yapılır ,Montaj:1
GÖMME REZERVUAR TEKNİK SERVİS,Tesisatçı / usta,1,1,1,173,7.0,Rsconverter Gömme Rezervuar Üçlü Dönüşüm Seti Tamir Ve Değişim Kiti 12,Tamir ve bakım:1
SUERA,Tesisatçı / usta,1,1,1,148,5.0,Kapadokya Gömme Rezervuar Kumanda Paneli Montajı | Cappadocia Flush Pl,Tamir ve bakım:1
İstanbul Gömme Rezervuar Servisi,Tesisatçı / usta,1,1,1,136,3.0,Serel Gömme Rezervuar Kumanda Paneli Değişimi #serelrezervuar #gömmere,Tamir ve bakım:1
Pakgün Banyo,Diğer,1,1,1,133,11.0,"Yaşlı, engelli ve yatağa bağımlı kişiler için evde banyo ve bakım hizm",Yeni kategoriler:1
banyomagazam,Diğer,1,1,1,127,16.0,Geberit Kumanda Kapağı Sigma 80 - banyomagazam.com,Marka ve rakip:1
Sade Mimarlık (Hicran Kadıoğlu),Dekorasyon / iç mimar,1,1,1,91,14.0,1 Günde Banyo Yenileme,İlham ve tadilat:1
Nokta duşakabin,Diğer,1,1,1,89,5.0,En Ucuz duşakabin nasıl seçilir?,Seçim ve karşılaştırma:1
Modiki,Diğer,1,1,1,59,12.0,Kale Banyo Unicera 2014,Marka ve rakip:1
e-bina yapimarket,Diğer,1,1,1,50,19.0,EYACLEAN GENEL TEMİZLİK (Batarya ve Musluk Temizliği),Tamir ve bakım:1
QUMATRA TV,Diğer,1,1,1,40,17.0,QUMATRA 2026 BANYO,İlham ve tadilat:1
EFEBEY,Diğer,1,1,1,33,7.0,Tıkalı Lavabo Nasıl Açılır? Evde Kolay ve Pratik Çözüm,Tamir ve bakım:1
istanbul tesisat,Tesisatçı / usta,1,1,1,30,11.0,Banyodan eve su sızıyor küvet montajı yapan tesisatçı,Montaj:1
Tadilatimkacpara,Tesisatçı / usta,1,1,1,19,19.0,Banyo Tadilatı Fiyatı | Tadilatım Kaç Para,İlham ve tadilat:1
USTANIN SESİ,Tesisatçı / usta,1,1,1,17,13.0,ankastre batarya montaji,Montaj:1
Karinca Kararinca,Diğer,1,1,1,9,16.0,HENDLEX Evye   Batarya Temizlik & Koruma Seti,Tamir ve bakım:1
Hakasmed,Diğer,1,1,1,4,16.0,Comfort Plus DM-8088C Soft Banyo ve Tuvalet Sandalyesi | Yumuşak Otura,Seçim ve karşılaştırma:1
Floor & Bath Design ,Diğer,1,1,1,1,18.0,Beautiful Home Transformation,İlham ve tadilat:1
