urun_tipi,mecra,urun_adedi,min,p25,medyan,p75,maks,vitra_artema_adedi,vitra_artema_medyan,vitra_online_medyanina_fark_yuzde,vitra_online_medyan
Aksesuar & havlupan,Trendyol,50,199.99,724.97,1554.49,3185.0,8500.0,0,,,
Aksesuar & havlupan,Hepsiburada,14,899.9,1568.93,2049.0,4833.26,6999.0,1,4900.0,,
Aksesuar & havlupan,Amazon TR,10,349.0,1321.26,1900.0,3149.0,4987.1,0,,,
Aksesuar & havlupan,Çiçeksepeti,7,304.99,750.18,1197.9,2974.68,4318.89,0,,,
Aksesuar & havlupan,Koçtaş,26,439.12,1401.65,3690.0,5417.9,17990.0,0,,,
Aksesuar & havlupan,Bauhaus,2,630.0,2335.0,4040.0,5745.0,7450.0,0,,,
Aksesuar & havlupan,Bağımsız banyo & yapı mağazası,93,243.0,963.0,1548.0,2978.0,14430.0,0,,,
Aksesuar & havlupan,TÜM MECRALAR,207,199.99,799.0,1667.0,3824.5,17990.0,1,4900.0,,
Akıllı klozet,Trendyol,25,5500.0,13500.0,24195.6,57000.0,107493.96,2,79581.77,,
Akıllı klozet,Hepsiburada,8,6000.0,13167.25,23999.5,57205.0,71405.74,1,71405.74,,
Akıllı klozet,Amazon TR,3,11995.0,14747.0,17499.0,45726.75,73954.5,0,,,
Akıllı klozet,Koçtaş,5,5776.81,15999.0,21999.0,23998.8,57608.39,1,57608.39,,
Akıllı klozet,Bauhaus,2,6800.0,8725.0,10650.0,12575.0,14500.0,0,,,
Akıllı klozet,Diğer resmi marka mağazası,1,4842.0,4842.0,4842.0,4842.0,4842.0,0,,,
Akıllı klozet,Bağımsız banyo & yapı mağazası,58,5200.0,8588.02,15312.35,68286.5,108260.0,5,69582.0,,
Akıllı klozet,TÜM MECRALAR,102,4842.0,9196.57,20089.58,61872.5,108260.0,9,71405.74,,
Ayna,Trendyol,64,599.0,1126.75,1957.5,2349.0,13500.0,1,3592.8,-55.6,8092.6
Ayna,Hepsiburada,11,699.0,1380.0,3046.68,3683.4,7012.78,0,,,8092.6
Ayna,Amazon TR,11,869.9,2699.0,2999.0,3349.0,8102.92,1,8102.92,0.1,8092.6
Ayna,Çiçeksepeti,6,750.0,1872.25,5174.0,5461.5,6009.0,0,,,8092.6
Ayna,Koçtaş,37,630.0,3640.0,4320.0,5340.0,7983.0,0,,,8092.6
Ayna,Bauhaus,4,790.0,1240.0,1440.0,1540.0,1690.0,0,,,8092.6
Ayna,IKEA,5,999.0,1699.0,1699.0,3199.0,5999.0,0,,,8092.6
Ayna,VitrA Online (vitra.com.tr),1,8092.6,8092.6,8092.6,8092.6,8092.6,1,8092.6,,8092.6
Ayna,Diğer resmi marka mağazası,5,2574.0,3036.0,3630.0,10835.0,16299.8,0,,,8092.6
Ayna,Diğer pazaryeri / genel perakende,1,3849.0,3849.0,3849.0,3849.0,3849.0,0,,,8092.6
Ayna,Bağımsız banyo & yapı mağazası,65,799.99,2918.0,3882.0,5300.0,12365.0,1,3500.0,-56.8,8092.6
Ayna,TÜM MECRALAR,210,599.0,1973.75,3234.79,4600.0,16299.8,4,5842.7,-27.8,8092.6
Banyo mobilyası,Trendyol,92,1595.0,2995.72,4733.26,7976.73,56630.04,2,35676.22,43.9,24785.1
Banyo mobilyası,Hepsiburada,16,1399.0,3048.0,3874.5,5685.0,10990.67,1,10990.67,-55.7,24785.1
Banyo mobilyası,Amazon TR,11,2319.0,2699.0,3299.0,4674.5,14719.0,0,,,24785.1
Banyo mobilyası,Çiçeksepeti,9,1792.99,3963.5,8199.1,9411.82,38692.0,1,9902.59,-60.0,24785.1
Banyo mobilyası,Koçtaş,84,1639.2,3656.85,5266.2,9421.75,33462.69,3,19135.25,-22.8,24785.1
Banyo mobilyası,Bauhaus,9,4600.0,5099.0,8340.0,11500.0,11990.0,0,,,24785.1
Banyo mobilyası,IKEA,11,1399.0,4049.5,6199.0,9499.5,16500.0,0,,,24785.1
Banyo mobilyası,VitrA Online (vitra.com.tr),4,8493.2,10484.52,24785.1,40196.93,45522.0,4,24785.1,,24785.1
Banyo mobilyası,Diğer resmi marka mağazası,30,5505.5,9831.0,13068.0,21092.22,34980.0,0,,,24785.1
Banyo mobilyası,Diğer pazaryeri / genel perakende,28,1899.0,2899.0,4694.5,6874.0,20099.0,0,,,24785.1
Banyo mobilyası,Bağımsız banyo & yapı mağazası,149,1305.5,4539.36,8399.9,13352.0,55700.0,18,16748.2,-32.4,24785.1
Banyo mobilyası,TÜM MECRALAR,443,1305.5,3601.55,6383.0,11275.05,56630.04,29,17636.4,-28.8,24785.1
Batarya,Trendyol,98,160.0,707.75,1599.0,4401.75,25156.42,16,10041.52,-34.8,15401.7
Batarya,Hepsiburada,49,170.0,689.9,1390.0,2750.0,26804.0,6,13874.5,-9.9,15401.7
Batarya,Amazon TR,29,189.99,449.0,995.9,2838.0,23508.0,6,16042.5,4.2,15401.7
Batarya,Çiçeksepeti,10,266.98,2676.33,5966.74,8474.87,15654.0,2,12570.81,-18.4,15401.7
Batarya,Koçtaş,84,499.0,1740.11,4370.84,7884.08,25688.51,23,11219.11,-27.2,15401.7
Batarya,Bauhaus,11,550.0,1190.0,2190.0,3690.0,6190.0,0,,,15401.7
Batarya,IKEA,2,4599.0,4949.0,5299.0,5649.0,5999.0,0,,,15401.7
Batarya,VitrA Online (vitra.com.tr),29,5518.8,12502.8,15401.7,21943.76,39091.3,29,15401.7,,15401.7
Batarya,Diğer resmi marka mağazası,4,3420.0,3853.5,14351.5,24975.0,25785.0,0,,,15401.7
Batarya,Diğer pazaryeri / genel perakende,4,648.51,940.44,1080.99,1542.61,2797.74,0,,,15401.7
Batarya,Bağımsız banyo & yapı mağazası,233,115.0,1683.0,3400.0,6362.4,68268.0,57,9116.0,-40.8,15401.7
Batarya,TÜM MECRALAR,553,115.0,1200.0,2850.0,6999.0,68268.0,139,12761.0,-17.1,15401.7
Duş seti,Trendyol,11,569.9,1012.45,2256.0,2570.0,3180.0,1,3100.0,,
Duş seti,Hepsiburada,9,549.0,999.9,1199.9,1399.9,6999.9,0,,,
Duş seti,Amazon TR,6,559.0,603.81,1890.0,3615.24,6500.0,0,,,
Duş seti,Çiçeksepeti,2,2199.0,3430.5,4662.0,5893.5,7125.0,0,,,
Duş seti,Koçtaş,18,585.0,1169.5,2947.55,3792.38,5390.55,1,3627.0,,
Duş seti,Bauhaus,1,7790.0,7790.0,7790.0,7790.0,7790.0,0,,,
Duş seti,Diğer resmi marka mağazası,3,1800.0,2055.0,2310.0,3453.0,4596.0,0,,,
Duş seti,Diğer pazaryeri / genel perakende,2,2337.5,2879.16,3420.82,3962.49,4504.15,0,,,
Duş seti,Bağımsız banyo & yapı mağazası,50,511.05,1094.8,2117.4,3694.27,10764.9,2,5693.9,,
Duş seti,TÜM MECRALAR,102,511.05,1092.4,2159.41,3630.75,10764.9,4,3363.5,,
Duşakabin & duş teknesi,Trendyol,81,4320.0,6281.1,7809.19,9000.0,16905.0,2,16702.5,,
Duşakabin & duş teknesi,Hepsiburada,23,5680.0,8294.5,10390.0,13405.0,31500.0,0,,,
Duşakabin & duş teknesi,Amazon TR,1,7700.0,7700.0,7700.0,7700.0,7700.0,0,,,
Duşakabin & duş teknesi,Çiçeksepeti,7,6712.77,8900.0,14900.0,16900.0,16900.0,0,,,
Duşakabin & duş teknesi,Koçtaş,59,5248.8,7250.32,7690.32,8719.92,18447.3,0,,,
Duşakabin & duş teknesi,Diğer pazaryeri / genel perakende,2,5509.05,6006.79,6504.52,7002.26,7500.0,0,,,
Duşakabin & duş teknesi,Bağımsız banyo & yapı mağazası,61,3827.85,5509.4,7946.64,13000.0,38100.0,0,,,
Duşakabin & duş teknesi,TÜM MECRALAR,234,3827.85,6667.34,7943.95,10133.61,38100.0,2,16702.5,,
Klozet,Trendyol,53,3965.52,7600.0,10790.0,15887.0,38619.3,18,15711.1,-18.2,19216.5
Klozet,Hepsiburada,54,2850.0,6282.11,9640.64,13435.0,40000.0,14,10749.5,-44.1,19216.5
Klozet,Amazon TR,1,11813.6,11813.6,11813.6,11813.6,11813.6,1,11813.6,-38.5,19216.5
Klozet,Çiçeksepeti,1,9090.0,9090.0,9090.0,9090.0,9090.0,0,,,19216.5
Klozet,Koçtaş,60,5499.0,7777.5,10103.82,13999.0,57608.39,22,11752.19,-38.8,19216.5
Klozet,Bauhaus,16,2350.0,6065.0,11290.0,13140.0,15500.0,3,13990.0,-27.2,19216.5
Klozet,VitrA Online (vitra.com.tr),10,10824.3,13497.3,19216.5,27017.1,44298.6,10,19216.5,,19216.5
Klozet,Diğer resmi marka mağazası,12,4842.0,6108.75,8761.5,9887.4,13893.0,0,,,19216.5
Klozet,Diğer pazaryeri / genel perakende,1,14756.74,14756.74,14756.74,14756.74,14756.74,1,14756.74,-23.2,19216.5
Klozet,Bağımsız banyo & yapı mağazası,171,1949.0,6490.0,9500.0,13329.49,48000.0,64,11448.35,-40.4,19216.5
Klozet,TÜM MECRALAR,379,1949.0,6917.9,9900.0,13983.5,57608.39,133,12500.0,-35.0,19216.5
Klozet kapağı,Trendyol,37,189.0,530.0,693.0,927.8,3164.56,1,1590.0,,
Klozet kapağı,Hepsiburada,16,620.0,670.0,774.5,969.98,1799.9,0,,,
Klozet kapağı,Amazon TR,7,445.0,602.0,983.9,999.99,1014.89,0,,,
Klozet kapağı,Çiçeksepeti,4,499.0,611.5,740.0,848.0,899.0,0,,,
Klozet kapağı,Koçtaş,18,395.0,568.56,745.0,1113.65,1505.38,1,1505.38,,
Klozet kapağı,Bauhaus,6,1890.0,2490.0,2890.0,3290.0,3490.0,0,,,
Klozet kapağı,Diğer resmi marka mağazası,1,2500.0,2500.0,2500.0,2500.0,2500.0,0,,,
Klozet kapağı,Bağımsız banyo & yapı mağazası,23,273.0,418.45,700.35,1237.5,2535.15,1,2535.15,,
Klozet kapağı,TÜM MECRALAR,112,189.0,554.36,774.5,1050.71,3490.0,3,1590.0,,
Küvet,Trendyol,3,18497.72,19223.86,19950.0,36165.94,52381.88,0,,,
Küvet,Koçtaş,2,25644.65,31724.66,37804.67,43884.67,49964.68,0,,,
Küvet,Bağımsız banyo & yapı mağazası,100,8699.0,24092.5,37130.0,94999.0,160999.0,0,,,
Küvet,TÜM MECRALAR,105,8699.0,23500.0,36970.0,94290.0,160999.0,0,,,
Lavabo,Trendyol,68,1769.0,4174.69,6500.0,9193.49,21159.94,25,8214.72,-28.9,11551.5
Lavabo,Hepsiburada,20,1530.0,3374.99,4669.51,6548.34,23713.0,6,9290.56,-19.6,11551.5
Lavabo,Amazon TR,9,4544.0,7284.6,8631.59,11710.0,15257.0,8,8118.6,-29.7,11551.5
Lavabo,Çiçeksepeti,4,7965.0,8066.25,10575.0,13387.5,14400.0,0,,,11551.5
Lavabo,Koçtaş,33,2505.0,3500.0,5121.47,9156.0,33462.69,7,9979.0,-13.6,11551.5
Lavabo,Bauhaus,3,1090.0,1090.0,1090.0,2840.0,4590.0,0,,,11551.5
Lavabo,IKEA,1,4799.0,4799.0,4799.0,4799.0,4799.0,0,,,11551.5
Lavabo,VitrA Online (vitra.com.tr),27,5066.0,7291.85,11551.5,15312.3,22968.02,27,11551.5,,11551.5
Lavabo,Diğer resmi marka mağazası,12,2340.0,4383.0,5238.0,6150.0,7848.0,0,,,11551.5
Lavabo,Diğer pazaryeri / genel perakende,1,9562.5,9562.5,9562.5,9562.5,9562.5,1,9562.5,-17.2,11551.5
Lavabo,Bağımsız banyo & yapı mağazası,154,1250.0,4867.5,7222.0,11758.41,29762.2,53,7794.54,-32.5,11551.5
Lavabo,TÜM MECRALAR,332,1090.0,4500.0,6647.16,11275.0,33462.69,127,8412.3,-27.2,11551.5
Mutfak (evye & batarya),Trendyol,43,661.2,1194.99,2590.0,5142.45,38899.0,1,7879.99,,
Mutfak (evye & batarya),Hepsiburada,19,949.9,1299.95,1699.9,3942.75,12880.0,2,5875.49,,
Mutfak (evye & batarya),Amazon TR,11,999.99,2499.95,4000.0,4899.0,16580.03,1,3699.0,,
Mutfak (evye & batarya),Çiçeksepeti,4,3499.99,3721.62,6147.75,9109.25,10937.0,0,,,
Mutfak (evye & batarya),Koçtaş,35,749.9,2126.43,3299.0,4659.2,15500.0,0,,,
Mutfak (evye & batarya),Bauhaus,1,7790.0,7790.0,7790.0,7790.0,7790.0,0,,,
Mutfak (evye & batarya),IKEA,1,2499.0,2499.0,2499.0,2499.0,2499.0,0,,,
Mutfak (evye & batarya),Diğer resmi marka mağazası,3,4122.0,9590.5,15059.0,20714.0,26369.0,0,,,
Mutfak (evye & batarya),Diğer pazaryeri / genel perakende,4,5400.0,5849.25,6249.5,11377.5,26010.0,0,,,
Mutfak (evye & batarya),Bağımsız banyo & yapı mağazası,89,949.9,3240.99,6500.0,14000.0,39588.0,1,4113.0,,
Mutfak (evye & batarya),TÜM MECRALAR,210,661.2,2113.47,4224.5,8370.03,39588.0,5,4786.0,,
Rezervuar,Trendyol,47,281.0,435.68,850.0,5002.0,21999.0,5,5605.0,36.4,4109.4
Rezervuar,Hepsiburada,25,314.0,600.0,931.2,1600.0,13440.0,0,,,4109.4
Rezervuar,Amazon TR,19,298.95,431.95,629.0,5266.5,11270.0,3,9516.0,131.6,4109.4
Rezervuar,Çiçeksepeti,12,398.95,710.57,1017.6,1429.78,2525.1,1,1273.41,-69.0,4109.4
Rezervuar,Koçtaş,35,199.99,934.5,2750.0,4787.5,17230.0,3,5499.0,33.8,4109.4
Rezervuar,Bauhaus,4,590.0,935.0,1050.0,2487.5,6800.0,1,1050.0,-74.4,4109.4
Rezervuar,VitrA Online (vitra.com.tr),1,4109.4,4109.4,4109.4,4109.4,4109.4,1,4109.4,,4109.4
Rezervuar,Diğer resmi marka mağazası,9,3729.0,5400.0,5750.0,6000.0,16071.0,0,,,4109.4
Rezervuar,Diğer pazaryeri / genel perakende,5,474.05,488.8,864.0,3976.7,5024.63,2,2944.32,-28.4,4109.4
Rezervuar,Bağımsız banyo & yapı mağazası,73,205.0,866.25,3150.0,5500.01,23863.0,7,9583.06,133.2,4109.4
Rezervuar,TÜM MECRALAR,230,199.99,635.45,1427.87,5015.72,23863.0,23,5544.0,34.9,4109.4
