urun_sorgusu,liste_basligi,fiyat_sirasi,satici,alan_adi,mecra,fiyat_try,kargo_try,stok,en_ucuz,vitra_online_fark_yuzde
vitra s20 asma klozet,Vitra S20 Asma Klozet,1,Mekanlılar İnşaat Malzemeleri,www.mekanlilar.com.tr,Bağımsız banyo & yapı mağazası,5610.0,75,in_stock,Evet,
vitra s20 asma klozet,Vitra S20 Asma Klozet,2,Evdema.com,online.evdema.com,Bağımsız banyo & yapı mağazası,5809.86,,in_stock,,
vitra s20 asma klozet,Vitra S20 Asma Klozet,3,Evdema.com,online.evdema.com,Bağımsız banyo & yapı mağazası,5809.86,,in_stock,,
vitra s20 asma klozet,Vitra S20 Asma Klozet,4,Banyomarka,www.banyomarka.com,Banyomarka (uzman e-ticaret),5815.0,,in_stock,,
vitra s20 asma klozet,Vitra S20 Asma Klozet,5,Yapi Malzemeci,yapimalzemeci.com,Bağımsız banyo & yapı mağazası,6196.0,,in_stock,,
vitra s20 asma klozet,Vitra S20 Asma Klozet,6,Banyomarka,www.banyomarka.com,Banyomarka (uzman e-ticaret),6352.0,,in_stock,,
vitra s20 asma klozet,Vitra S20 Asma Klozet,7,Dekoryap Modern Yapı Anonim Şirketi,www.tezgahstudio.com.tr,Bağımsız banyo & yapı mağazası,7374.0,,in_stock,,
vitra s20 asma klozet,Vitra S20 Asma Klozet,8,Trendyol,www.trendyol.com,Trendyol,7655.4,,in_stock,,
vitra s20 asma klozet,Vitra S20 Asma Klozet,9,PttAVM.com,www.pttavm.com,Diğer pazaryeri / genel perakende,7676.86,,in_stock,,
vitra s20 asma klozet,Vitra S20 Asma Klozet,10,Doğan Yapı Market,www.doganyapimarket.com,Bağımsız banyo & yapı mağazası,15900.0,,in_stock,,
vitra s20 asma klozet,Vitra S20 Square Asma Klozet 7508L003-0850,1,Yapı Home,www.yapihome.net,Bağımsız banyo & yapı mağazası,5599.0,,in_stock,Evet,
vitra s20 asma klozet,Vitra S20 Square Asma Klozet 7508L003-0850,2,Mekanlılar İnşaat Malzemeleri,www.mekanlilar.com.tr,Bağımsız banyo & yapı mağazası,6175.0,75,in_stock,,
vitra s20 asma klozet,Vitra S20 Square Asma Klozet 7508L003-0850,3,Dalda Yapı Market,www.daldayapimarket.com,Bağımsız banyo & yapı mağazası,6240.0,,in_stock,,
vitra s20 asma klozet,Vitra S20 Square Asma Klozet 7508L003-0850,4,Banyomarka,www.banyomarka.com,Banyomarka (uzman e-ticaret),6360.0,,in_stock,,
vitra s20 asma klozet,Vitra S20 Square Asma Klozet 7508L003-0850,5,BanyoLine,www.banyoline.com,Bağımsız banyo & yapı mağazası,7877.14,,in_stock,,
vitra s20 asma klozet,Vitra S20 Square Asma Klozet 7508L003-0850,6,Koçtaş,www.koctas.com.tr,Koçtaş,7891.9,44.9,in_stock,,
vitra s20 asma klozet,Vitra S20 Square Asma Klozet 7508L003-0850,7,Trendyol,www.trendyol.com,Trendyol,8261.04,,in_stock,,
vitra s20 asma klozet,Vitra S20 Square Asma Klozet 7508L003-0850,8,pazarama.com,www.pazarama.com,Diğer pazaryeri / genel perakende,23683.73,,in_stock,,
vitra s20 asma klozet,Vitra S20 Square Asma Klozet 7508L003-0850,9,Hepsiburada,www.hepsiburada.com,Hepsiburada,24093.33,,in_stock,,
vitra s20 asma klozet,Vitra S20 Square Asma Klozet 7508L003-0850,10,PttAVM.com,www.pttavm.com,Diğer pazaryeri / genel perakende,24093.34,,in_stock,,
vitra integra asma klozet,Vitra Integra 7041B003-0090 Rim-Ex Asma Klozet,1,Evdema.com,online.evdema.com,Bağımsız banyo & yapı mağazası,9587.33,,in_stock,Evet,-11.4
vitra integra asma klozet,Vitra Integra 7041B003-0090 Rim-Ex Asma Klozet,2,Trendyol,www.trendyol.com,Trendyol,9621.6,,in_stock,,-11.1
vitra integra asma klozet,Vitra Integra 7041B003-0090 Rim-Ex Asma Klozet,3,n11,www.n11.com,Diğer pazaryeri / genel perakende,9956.18,,in_stock,,-8.0
vitra integra asma klozet,Vitra Integra 7041B003-0090 Rim-Ex Asma Klozet,4,PttAVM.com,www.pttavm.com,Diğer pazaryeri / genel perakende,10251.3,,in_stock,,-5.3
vitra integra asma klozet,Vitra Integra 7041B003-0090 Rim-Ex Asma Klozet,5,VitrA Online,www.vitra.com.tr,VitrA Online (vitra.com.tr),10824.3,,in_stock,,
vitra integra asma klozet,Vitra Integra 7041B003-0090 Rim-Ex Asma Klozet,6,Banyotrendy,banyotrendy.com,Bağımsız banyo & yapı mağazası,11168.04,,in_stock,,3.2
vitra integra asma klozet,Vitra Integra 7041B003-0090 Rim-Ex Asma Klozet,7,Yapi Malzemeci,yapimalzemeci.com,Bağımsız banyo & yapı mağazası,15586.0,,in_stock,,44.0
vitra integra asma klozet,Vitra Integra 7041B003-0090 Rim-Ex Asma Klozet,8,Banyomarka,www.banyomarka.com,Banyomarka (uzman e-ticaret),18962.0,,in_stock,,75.2
vitra integra asma klozet,Vitra Integra 7041B003-0090 Rim-Ex Asma Klozet,9,Banyomarka,www.banyomarka.com,Banyomarka (uzman e-ticaret),18962.0,,in_stock,,75.2
vitra integra asma klozet,Vitra Integra 7041B003-0090 Rim-Ex Asma Klozet,10,Dekoryap Modern Yapı Anonim Şirketi,www.tezgahstudio.com.tr,Bağımsız banyo & yapı mağazası,24045.0,,in_stock,,122.1
vitra integra asma klozet,Vitra Integra Asma Klozet Soft Kapak ve Gömme Rezervuar Seti,1,banyome,www.banyome.com,Bağımsız banyo & yapı mağazası,5170.95,,out_of_stock,Evet,
vitra integra asma klozet,Vitra Integra Asma Klozet Soft Kapak ve Gömme Rezervuar Seti,2,evdeniste,www.evdeniste.com.tr,Bağımsız banyo & yapı mağazası,14345.74,,in_stock,,
vitra integra asma klozet,Vitra Integra Asma Klozet Soft Kapak ve Gömme Rezervuar Seti,3,PttAVM.com,www.pttavm.com,Diğer pazaryeri / genel perakende,14816.64,,in_stock,,
vitra integra asma klozet,Vitra Integra Asma Klozet Soft Kapak ve Gömme Rezervuar Seti,4,BanyoLine,www.banyoline.com,Bağımsız banyo & yapı mağazası,15250.0,,out_of_stock,,
vitra integra asma klozet,Vitra Integra Asma Klozet Soft Kapak ve Gömme Rezervuar Seti,5,evdeniste,www.evdeniste.com.tr,Bağımsız banyo & yapı mağazası,15731.05,,in_stock,,
vitra integra asma klozet,Vitra Integra Asma Klozet Soft Kapak ve Gömme Rezervuar Seti,6,ciceksepeti.com,www.ciceksepeti.com,Çiçeksepeti,16944.0,,in_stock,,
vitra integra asma klozet,Vitra Integra Asma Klozet Soft Kapak ve Gömme Rezervuar Seti,7,PttAVM.com,www.pttavm.com,Diğer pazaryeri / genel perakende,17284.35,,in_stock,,
vitra integra asma klozet,Vitra Integra Asma Klozet Soft Kapak ve Gömme Rezervuar Seti,8,pazarama.com,www.pazarama.com,Diğer pazaryeri / genel perakende,17587.85,,in_stock,,
vitra integra asma klozet,Vitra Integra Asma Klozet Soft Kapak ve Gömme Rezervuar Seti,9,Koçtaş,www.koctas.com.tr,Koçtaş,18244.49,44.9,in_stock,,
vitra integra asma klozet,Vitra Integra Asma Klozet Soft Kapak ve Gömme Rezervuar Seti,10,Hepsiburada,www.hepsiburada.com,Hepsiburada,20557.61,,in_stock,,
vitra integra klozet kapağı,VitrA Integra 131-003-009 Klozet Kapağı,1,Evdema.com,online.evdema.com,Bağımsız banyo & yapı mağazası,2722.02,,in_stock,Evet,
vitra integra klozet kapağı,VitrA Integra 131-003-009 Klozet Kapağı,2,Dalda Yapı Market,www.daldayapimarket.com,Bağımsız banyo & yapı mağazası,3042.0,,out_of_stock,,
vitra integra klozet kapağı,VitrA Integra 131-003-009 Klozet Kapağı,3,Banyomarka,www.banyomarka.com,Banyomarka (uzman e-ticaret),3324.0,,in_stock,,
vitra integra klozet kapağı,VitrA Integra 131-003-009 Klozet Kapağı,4,Banyomoda,www.banyomoda.com.tr,Bağımsız banyo & yapı mağazası,3324.0,,in_stock,,
vitra integra klozet kapağı,VitrA Integra 131-003-009 Klozet Kapağı,5,Amazon.com.tr - Amazon.com.tr - pazaryeri,www.amazon.com.tr,Amazon TR,3444.0,,in_stock,,
vitra integra klozet kapağı,Vitra Integra 131-003-009 Yavaş Kapanır Klozet Kapağı,1,Cisa Outlet,www.cisaoutlet.com,Bağımsız banyo & yapı mağazası,1031.0,,in_stock,Evet,
vitra integra klozet kapağı,Vitra Integra 131-003-009 Yavaş Kapanır Klozet Kapağı,2,Banyotrendy,banyotrendy.com,Bağımsız banyo & yapı mağazası,2425.02,,in_stock,,
vitra integra klozet kapağı,Vitra Integra 131-003-009 Yavaş Kapanır Klozet Kapağı,3,Etkin Tasarım,www.etkintasarim.com,Bağımsız banyo & yapı mağazası,2600.0,,in_stock,,
vitra integra klozet kapağı,Vitra Integra 131-003-009 Yavaş Kapanır Klozet Kapağı,4,Banyomarka,www.banyomarka.com,Banyomarka (uzman e-ticaret),3042.0,,in_stock,,
vitra integra klozet kapağı,Vitra Integra 131-003-009 Yavaş Kapanır Klozet Kapağı,5,PttAVM.com,www.pttavm.com,Diğer pazaryeri / genel perakende,3250.0,,in_stock,,
vitra integra klozet kapağı,Vitra Integra 131-003-009 Yavaş Kapanır Klozet Kapağı,6,New Banyo,www.newbanyo.com,Bağımsız banyo & yapı mağazası,3262.5,,in_stock,,
vitra integra klozet kapağı,Vitra Integra 131-003-009 Yavaş Kapanır Klozet Kapağı,7,ciceksepeti.com,www.ciceksepeti.com,Çiçeksepeti,3326.92,,in_stock,,
vitra integra klozet kapağı,Vitra Integra 131-003-009 Yavaş Kapanır Klozet Kapağı,8,Amazon,www.amazon.com.tr,Amazon TR,3444.0,,in_stock,,
vitra integra klozet kapağı,Vitra Integra 131-003-009 Yavaş Kapanır Klozet Kapağı,9,Banyomarka,www.banyomarka.com,Banyomarka (uzman e-ticaret),3907.0,,in_stock,,
vitra integra klozet kapağı,Vitra Integra 131-003-009 Yavaş Kapanır Klozet Kapağı,10,Ankastrend,www.ankastrend.com,Bağımsız banyo & yapı mağazası,4202.4,,in_stock,,
vitra root lavabo dolabı,Vitra Root Flat Kapaklı Dolabı Lavabo,1,trendyol.com,www.trendyol.com,Trendyol,12834.79,49.99,in_stock,Evet,-33.2
vitra root lavabo dolabı,Vitra Root Flat Kapaklı Dolabı Lavabo,2,Mekanlılar İnşaat Malzemeleri,www.mekanlilar.com.tr,Bağımsız banyo & yapı mağazası,15605.0,75,in_stock,,-18.8
vitra root lavabo dolabı,Vitra Root Flat Kapaklı Dolabı Lavabo,3,Banyomarka,www.banyomarka.com,Banyomarka (uzman e-ticaret),17508.0,,in_stock,,-8.9
vitra root lavabo dolabı,Vitra Root Flat Kapaklı Dolabı Lavabo,4,Evdema.com,online.evdema.com,Bağımsız banyo & yapı mağazası,17579.87,,in_stock,,-8.5
vitra root lavabo dolabı,Vitra Root Flat Kapaklı Dolabı Lavabo,5,Banyomarka,www.banyomarka.com,Banyomarka (uzman e-ticaret),18027.0,,in_stock,,-6.2
vitra root lavabo dolabı,Vitra Root Flat Kapaklı Dolabı Lavabo,6,Yapi Malzemeci,yapimalzemeci.com,Bağımsız banyo & yapı mağazası,18722.0,,in_stock,,-2.6
vitra root lavabo dolabı,Vitra Root Flat Kapaklı Dolabı Lavabo,7,VitrA Online,www.vitra.com.tr,VitrA Online (vitra.com.tr),19215.95,,in_stock,,
vitra root lavabo dolabı,Vitra Root Flat Kapaklı Dolabı Lavabo,8,Hepsiburada,www.hepsiburada.com,Hepsiburada,19337.86,,in_stock,,0.6
vitra root lavabo dolabı,Vitra Root Flat Kapaklı Dolabı Lavabo,9,Evdema.com,online.evdema.com,Bağımsız banyo & yapı mağazası,22339.96,,in_stock,,16.3
vitra root lavabo dolabı,Vitra Root Flat Kapaklı Dolabı Lavabo,10,Yapi Malzemeci,yapimalzemeci.com,Bağımsız banyo & yapı mağazası,41910.0,,in_stock,,118.1
vitra root lavabo dolabı,"VitrA Root 68871 Classic Lavabo Dolabı, İki Çekmeceli, 80 Cm, Mat Gri, Klasik Lavabolu",1,BanyoLine,www.banyoline.com,Bağımsız banyo & yapı mağazası,18985.0,,out_of_stock,Evet,-24.0
vitra root lavabo dolabı,"VitrA Root 68871 Classic Lavabo Dolabı, İki Çekmeceli, 80 Cm, Mat Gri, Klasik Lavabolu",2,VitrA Online,www.vitra.com.tr,VitrA Online (vitra.com.tr),24970.45,,in_stock,,
vitra root lavabo dolabı,"VitrA Root 68871 Classic Lavabo Dolabı, İki Çekmeceli, 80 Cm, Mat Gri, Klasik Lavabolu",3,Banyomarka,www.banyomarka.com,Banyomarka (uzman e-ticaret),29294.0,,in_stock,,17.3
vitra root lavabo dolabı,"VitrA Root 68871 Classic Lavabo Dolabı, İki Çekmeceli, 80 Cm, Mat Gri, Klasik Lavabolu",4,Banyomarka,www.banyomarka.com,Banyomarka (uzman e-ticaret),29294.0,,in_stock,,17.3
vitra root lavabo dolabı,"VitrA Root 68871 Classic Lavabo Dolabı, İki Çekmeceli, 80 Cm, Mat Gri, Klasik Lavabolu",5,Banyomoda,www.banyomoda.com.tr,Bağımsız banyo & yapı mağazası,29294.0,,in_stock,,17.3
vitra root lavabo dolabı,"VitrA Root 68871 Classic Lavabo Dolabı, İki Çekmeceli, 80 Cm, Mat Gri, Klasik Lavabolu",6,Evdema.com,online.evdema.com,Bağımsız banyo & yapı mağazası,29377.04,,in_stock,,17.6
vitra root lavabo dolabı,"VitrA Root 68871 Classic Lavabo Dolabı, İki Çekmeceli, 80 Cm, Mat Gri, Klasik Lavabolu",7,Evdema.com,online.evdema.com,Bağımsız banyo & yapı mağazası,29377.04,,out_of_stock,,17.6
vitra root lavabo dolabı,"VitrA Root 68871 Classic Lavabo Dolabı, İki Çekmeceli, 80 Cm, Mat Gri, Klasik Lavabolu",8,Banyocu,banyocu.com.tr,Bağımsız banyo & yapı mağazası,29794.0,,in_stock,,19.3
vitra root lavabo dolabı,"VitrA Root 68871 Classic Lavabo Dolabı, İki Çekmeceli, 80 Cm, Mat Gri, Klasik Lavabolu",9,Koçtaş,www.koctas.com.tr,Koçtaş,29877.38,44.9,in_stock,,19.7
vitra root lavabo dolabı,"VitrA Root 68871 Classic Lavabo Dolabı, İki Çekmeceli, 80 Cm, Mat Gri, Klasik Lavabolu",10,Ankastrend,www.ankastrend.com,Bağımsız banyo & yapı mağazası,41967.2,,out_of_stock,,68.1
vitra sento asma klozet,Vitra Sento Rim-ex Asma Klozet,1,Amazon,www.amazon.com.tr,Amazon TR,11813.6,,in_stock,Evet,-31.1
vitra sento asma klozet,Vitra Sento Rim-ex Asma Klozet,2,Banyomarka,www.banyomarka.com,Banyomarka (uzman e-ticaret),13302.0,,in_stock,,-22.4
vitra sento asma klozet,Vitra Sento Rim-ex Asma Klozet,3,banyome,www.banyome.com,Bağımsız banyo & yapı mağazası,14007.0,,in_stock,,-18.3
vitra sento asma klozet,Vitra Sento Rim-ex Asma Klozet,4,n11,www.n11.com,Diğer pazaryeri / genel perakende,15345.0,,in_stock,,-10.5
vitra sento asma klozet,Vitra Sento Rim-ex Asma Klozet,5,Banyomarka,www.banyomarka.com,Banyomarka (uzman e-ticaret),16005.0,,in_stock,,-6.6
vitra sento asma klozet,Vitra Sento Rim-ex Asma Klozet,6,yapimarka.com,www.yapimarka.com,Bağımsız banyo & yapı mağazası,17087.76,,in_stock,,-0.3
vitra sento asma klozet,Vitra Sento Rim-ex Asma Klozet,7,VitrA Online,www.vitra.com.tr,VitrA Online (vitra.com.tr),17144.96,,in_stock,,
vitra sento asma klozet,Vitra Sento Rim-ex Asma Klozet,8,pazarama.com,www.pazarama.com,Diğer pazaryeri / genel perakende,17159.3,,in_stock,,0.1
vitra sento asma klozet,Vitra Sento Rim-ex Asma Klozet,9,ciceksepeti.com,www.ciceksepeti.com,Çiçeksepeti,17443.0,,in_stock,,1.7
vitra sento asma klozet,Vitra Sento Rim-ex Asma Klozet,10,PttAVM.com,www.pttavm.com,Diğer pazaryeri / genel perakende,24961.24,,in_stock,,45.6
vitra sento asma klozet,Vitra Sento 7747b003-0559 Rim-ex Asma Klozet,1,Banyomarka,www.banyomarka.com,Banyomarka (uzman e-ticaret),11834.0,,in_stock,Evet,-11.0
vitra sento asma klozet,Vitra Sento 7747b003-0559 Rim-ex Asma Klozet,2,Banyomarka,www.banyomarka.com,Banyomarka (uzman e-ticaret),11834.0,,in_stock,,-11.0
vitra sento asma klozet,Vitra Sento 7747b003-0559 Rim-ex Asma Klozet,3,Banyomoda,www.banyomoda.com.tr,Bağımsız banyo & yapı mağazası,11834.0,,in_stock,,-11.0
vitra sento asma klozet,Vitra Sento 7747b003-0559 Rim-ex Asma Klozet,4,Mekanlılar İnşaat Malzemeleri,www.mekanlilar.com.tr,Bağımsız banyo & yapı mağazası,11905.0,75,in_stock,,-10.4
vitra sento asma klozet,Vitra Sento 7747b003-0559 Rim-ex Asma Klozet,5,yapimarka.com,www.yapimarka.com,Bağımsız banyo & yapı mağazası,12657.6,,in_stock,,-4.8
vitra sento asma klozet,Vitra Sento 7747b003-0559 Rim-ex Asma Klozet,6,Trendyol,www.trendyol.com,Trendyol,12847.29,,in_stock,,-3.3
vitra sento asma klozet,Vitra Sento 7747b003-0559 Rim-ex Asma Klozet,7,VitrA Online,www.vitra.com.tr,VitrA Online (vitra.com.tr),13290.3,,in_stock,,
vitra sento asma klozet,Vitra Sento 7747b003-0559 Rim-ex Asma Klozet,8,Yapi Malzemeci,yapimalzemeci.com,Bağımsız banyo & yapı mağazası,14175.0,,in_stock,,6.7
vitra sento asma klozet,Vitra Sento 7747b003-0559 Rim-ex Asma Klozet,9,Dekoryap Modern Yapı Anonim Şirketi,www.tezgahstudio.com.tr,Bağımsız banyo & yapı mağazası,15806.0,,in_stock,,18.9
vitra sento asma klozet,Vitra Sento 7747b003-0559 Rim-ex Asma Klozet,10,Banyo Sepeti,banyosepeti.net,Bağımsız banyo & yapı mağazası,16850.0,,in_stock,,26.8
vitra metropole asma klozet,VitrA Metropole Asma Klozet Rim-ex,1,Banyomarka,www.banyomarka.com,Banyomarka (uzman e-ticaret),12513.0,,in_stock,Evet,-34.1
vitra metropole asma klozet,VitrA Metropole Asma Klozet Rim-ex,2,yapimarka.com,www.yapimarka.com,Bağımsız banyo & yapı mağazası,14979.6,,in_stock,,-21.1
vitra metropole asma klozet,VitrA Metropole Asma Klozet Rim-ex,3,Banyomarka,www.banyomarka.com,Banyomarka (uzman e-ticaret),15741.0,,in_stock,,-17.0
vitra metropole asma klozet,VitrA Metropole Asma Klozet Rim-ex,4,ciceksepeti.com,www.ciceksepeti.com,Çiçeksepeti,17677.0,,in_stock,,-6.8
vitra metropole asma klozet,VitrA Metropole Asma Klozet Rim-ex,5,VitrA Online,www.vitra.com.tr,VitrA Online (vitra.com.tr),18973.8,,in_stock,,
vitra metropole asma klozet,VitrA Metropole Asma Klozet Rim-ex,6,n11,www.n11.com,Diğer pazaryeri / genel perakende,21128.18,,in_stock,,11.4
vitra metropole asma klozet,VitrA Metropole Asma Klozet Rim-ex,7,evdeniste,www.evdeniste.com.tr,Bağımsız banyo & yapı mağazası,21898.84,,in_stock,,15.4
vitra metropole asma klozet,VitrA Metropole Asma Klozet Rim-ex,8,Hepsiburada,www.hepsiburada.com,Hepsiburada,22230.0,,in_stock,,17.2
vitra metropole asma klozet,VitrA Metropole Asma Klozet Rim-ex,9,Evdema.com,online.evdema.com,Bağımsız banyo & yapı mağazası,24649.63,,in_stock,,29.9
vitra metropole asma klozet,VitrA Metropole Asma Klozet Rim-ex,10,Step Karo,www.stepkaro.com,Bağımsız banyo & yapı mağazası,30798.26,,in_stock,,62.3
vitra metropole asma klozet,VitrA Metropole Round Asma Klozet,1,Trendyol,www.trendyol.com,Trendyol,14952.8,,in_stock,Evet,-5.9
vitra metropole asma klozet,VitrA Metropole Round Asma Klozet,2,VitrA Online,www.vitra.com.tr,VitrA Online (vitra.com.tr),15887.35,,in_stock,,
vitra metropole asma klozet,VitrA Metropole Round Asma Klozet,3,Hepsiburada,www.hepsiburada.com,Hepsiburada,18691.0,,in_stock,,17.6
vitra shift asma klozet,"VitrA Shift T10 Asma Klozet ve Klozet Kapağı Seti 7786B003-6383, Beyaz, Kanalsız Klozet",1,trendyol.com,www.trendyol.com,Trendyol,8724.39,49.99,in_stock,Evet,
vitra shift asma klozet,VitrA Shift Rim-Ex Asma Klozet 7742B003-0559,1,Banyoistanbul Yapı Malz.,www.banyoistanbul.com,Bağımsız banyo & yapı mağazası,13715.26,,out_of_stock,Evet,
vitra shift asma klozet,VitrA Shift Rim-Ex Asma Klozet 7742B003-0559,2,Banyoistanbul Yapı Malz.,www.banyoistanbul.com,Bağımsız banyo & yapı mağazası,13715.26,,out_of_stock,,
vitra shift asma klozet,VitrA Shift Rim-Ex Asma Klozet 7742B003-0559,3,Evdema.com,online.evdema.com,Bağımsız banyo & yapı mağazası,14189.44,,out_of_stock,,
vitra shift asma klozet,VitrA Shift Rim-Ex Asma Klozet 7742B003-0559,4,Banyomarka,www.banyomarka.com,Banyomarka (uzman e-ticaret),18301.0,,in_stock,,
vitra shift asma klozet,VitrA Shift Rim-Ex Asma Klozet 7742B003-0559,5,Banyomoda,www.banyomoda.com.tr,Bağımsız banyo & yapı mağazası,18301.0,,in_stock,,
vitra shift asma klozet,VitrA Shift Rim-Ex Asma Klozet 7742B003-0559,6,Dekoryap Modern Yapı Anonim Şirketi,www.tezgahstudio.com.tr,Bağımsız banyo & yapı mağazası,23207.0,,in_stock,,
vitra nest trendy asma klozet,Vitra Nest Trendy Rim-ex Asma Klozet,1,Banyomarka,www.banyomarka.com,Banyomarka (uzman e-ticaret),11834.0,,in_stock,Evet,-27.0
vitra nest trendy asma klozet,Vitra Nest Trendy Rim-ex Asma Klozet,2,Banyomarka,www.banyomarka.com,Banyomarka (uzman e-ticaret),14453.0,,in_stock,,-10.9
vitra nest trendy asma klozet,Vitra Nest Trendy Rim-ex Asma Klozet,3,trendyol.com,www.trendyol.com,Trendyol,14949.98,49.99,in_stock,,-7.8
vitra nest trendy asma klozet,Vitra Nest Trendy Rim-ex Asma Klozet,4,VitrA Online,www.vitra.com.tr,VitrA Online (vitra.com.tr),16216.2,,in_stock,,
vitra nest trendy asma klozet,Vitra Nest Trendy Rim-ex Asma Klozet,5,Banyo Sepeti,banyosepeti.net,Bağımsız banyo & yapı mağazası,16900.0,,in_stock,,4.2
vitra nest trendy asma klozet,Vitra Nest Trendy Rim-ex Asma Klozet,6,BanyoAtelier,banyoatelier.com,Bağımsız banyo & yapı mağazası,17588.0,,in_stock,,8.5
vitra nest trendy asma klozet,Vitra Nest Trendy Rim-ex Asma Klozet,7,Banyocity.com,banyocity.com,Bağımsız banyo & yapı mağazası,20138.04,,in_stock,,24.2
vitra nest trendy asma klozet,Vitra Nest Trendy Rim-ex Asma Klozet,8,PttAVM.com,www.pttavm.com,Diğer pazaryeri / genel perakende,22579.0,,in_stock,,39.2
vitra nest trendy asma klozet,Vitra Nest Trendy Rim-ex Asma Klozet,9,Dekoryap Modern Yapı Anonim Şirketi,www.tezgahstudio.com.tr,Bağımsız banyo & yapı mağazası,24477.0,,in_stock,,50.9
vitra nest trendy asma klozet,Vitra Nest Trendy Rim-ex Asma Klozet,10,ciceksepeti.com,www.ciceksepeti.com,Çiçeksepeti,26368.0,,in_stock,,62.6
vitra nest trendy asma klozet,Vitra Nest Trendy Asma Klozet 5176b003-7211,1,ciceksepeti.com,www.ciceksepeti.com,Çiçeksepeti,23516.0,,in_stock,Evet,
artema solid s lavabo bataryası,Artema A42440 Solid S Lavabo Bataryası,1,Yapı Home,www.yapihome.net,Bağımsız banyo & yapı mağazası,2149.0,,in_stock,Evet,
artema solid s lavabo bataryası,Artema A42440 Solid S Lavabo Bataryası,2,BanyoLine,www.banyoline.com,Bağımsız banyo & yapı mağazası,2843.15,,in_stock,,
artema solid s lavabo bataryası,Artema A42440 Solid S Lavabo Bataryası,3,Hausport,www.hausport.com,Bağımsız banyo & yapı mağazası,3089.0,,in_stock,,
artema solid s lavabo bataryası,Artema A42440 Solid S Lavabo Bataryası,4,Banyomarka,www.banyomarka.com,Banyomarka (uzman e-ticaret),3152.0,,in_stock,,
artema solid s lavabo bataryası,Artema A42440 Solid S Lavabo Bataryası,5,Mekanlılar İnşaat Malzemeleri,www.mekanlilar.com.tr,Bağımsız banyo & yapı mağazası,3230.0,75,in_stock,,
artema solid s lavabo bataryası,Artema A42440 Solid S Lavabo Bataryası,6,PttAVM.com,www.pttavm.com,Diğer pazaryeri / genel perakende,3457.99,,in_stock,,
artema solid s lavabo bataryası,Artema A42440 Solid S Lavabo Bataryası,7,Trendyol,www.trendyol.com,Trendyol,3499.0,,in_stock,,
artema solid s lavabo bataryası,Artema A42440 Solid S Lavabo Bataryası,8,Markafiyat.com,www.markafiyat.com,Bağımsız banyo & yapı mağazası,3688.0,,in_stock,,
artema solid s lavabo bataryası,Artema A42440 Solid S Lavabo Bataryası,9,Star Yapı Market,www.staryapimarket.com,Bağımsız banyo & yapı mağazası,3703.0,,in_stock,,
artema solid s lavabo bataryası,Artema A42440 Solid S Lavabo Bataryası,10,Çağrı Yapı Malzemeleri,www.cagriyapi.com.tr,Bağımsız banyo & yapı mağazası,4690.0,195,in_stock,,
artema solid s lavabo bataryası,Artema Solid S A42442 Döner Borulu Lavabo Bataryası,1,PttAVM.com,www.pttavm.com,Diğer pazaryeri / genel perakende,3309.0,,in_stock,Evet,
artema solid s lavabo bataryası,Artema Solid S A42442 Döner Borulu Lavabo Bataryası,2,evdeniste,www.evdeniste.com.tr,Bağımsız banyo & yapı mağazası,3329.62,,in_stock,,
artema solid s lavabo bataryası,Artema Solid S A42442 Döner Borulu Lavabo Bataryası,3,Koçtaş,www.koctas.com.tr,Koçtaş,3854.15,44.9,in_stock,,
artema solid s lavabo bataryası,Artema Solid S A42442 Döner Borulu Lavabo Bataryası,4,Hausport,www.hausport.com,Bağımsız banyo & yapı mağazası,3999.0,,in_stock,,
artema solid s lavabo bataryası,Artema Solid S A42442 Döner Borulu Lavabo Bataryası,5,Nalburcenter,www.nalburcenter.com,Bağımsız banyo & yapı mağazası,4200.0,,in_stock,,
artema solid s lavabo bataryası,Artema Solid S A42442 Döner Borulu Lavabo Bataryası,6,Trendyol,www.trendyol.com,Trendyol,5269.88,,in_stock,,
artema solid s lavabo bataryası,Artema Solid S A42442 Döner Borulu Lavabo Bataryası,7,Evdema.com,online.evdema.com,Bağımsız banyo & yapı mağazası,5723.41,,in_stock,,
artema solid s lavabo bataryası,Artema Solid S A42442 Döner Borulu Lavabo Bataryası,8,Al.Com.Tr,www.al.com.tr,Bağımsız banyo & yapı mağazası,5873.76,250,in_stock,,
artema solid s lavabo bataryası,Artema Solid S A42442 Döner Borulu Lavabo Bataryası,9,Banyomarka,www.banyomarka.com,Banyomarka (uzman e-ticaret),6265.0,,in_stock,,
artema solid s lavabo bataryası,Artema Solid S A42442 Döner Borulu Lavabo Bataryası,10,ciceksepeti.com,www.ciceksepeti.com,Çiçeksepeti,6995.28,,in_stock,,
artema minimax s lavabo bataryası,A41984-Artema Minimax S Lavabo Bataryası,1,Amazon.com.tr,www.amazon.com.tr,Amazon TR,3780.0,,in_stock,Evet,
artema minimax s lavabo bataryası,A41984-Artema Minimax S Lavabo Bataryası,2,Vitra - ABM Gayrimenkul,www.abmexpress.com,Bağımsız banyo & yapı mağazası,4102.8,,in_stock,,
artema minimax s lavabo bataryası,A41984-Artema Minimax S Lavabo Bataryası,3,EnarHome,www.enarhome.com,Bağımsız banyo & yapı mağazası,4302.0,,in_stock,,
artema minimax s lavabo bataryası,A41984-Artema Minimax S Lavabo Bataryası,4,n11,www.n11.com,Diğer pazaryeri / genel perakende,4349.13,,in_stock,,
artema minimax s lavabo bataryası,A41984-Artema Minimax S Lavabo Bataryası,5,BanyoLine,www.banyoline.com,Bağımsız banyo & yapı mağazası,4475.0,,in_stock,,
artema minimax s lavabo bataryası,A41984-Artema Minimax S Lavabo Bataryası,6,Step Karo,www.stepkaro.com,Bağımsız banyo & yapı mağazası,4688.71,,in_stock,,
artema minimax s lavabo bataryası,A41984-Artema Minimax S Lavabo Bataryası,7,Star Yapı Market,www.staryapimarket.com,Bağımsız banyo & yapı mağazası,4759.0,,in_stock,,
artema minimax s lavabo bataryası,A41984-Artema Minimax S Lavabo Bataryası,8,Banyomarka,www.banyomarka.com,Banyomarka (uzman e-ticaret),6591.0,,in_stock,,
artema minimax s lavabo bataryası,A41984-Artema Minimax S Lavabo Bataryası,9,Hepsiburada,www.hepsiburada.com,Hepsiburada,8504.89,,in_stock,,
artema minimax s lavabo bataryası,A41984-Artema Minimax S Lavabo Bataryası,10,PttAVM.com,www.pttavm.com,Diğer pazaryeri / genel perakende,8642.32,,in_stock,,
artema minimax s lavabo bataryası,"Artema Minimax S A41984 Lavabo Bataryası, Krom",1,trendyol.com,www.trendyol.com,Trendyol,4124.99,49.99,in_stock,Evet,
artema flo s banyo bataryası,Artema Flo S Banyo Bataryası,1,Banyotrendy,banyotrendy.com,Bağımsız banyo & yapı mağazası,2999.0,,in_stock,Evet,
artema flo s banyo bataryası,Artema Flo S Banyo Bataryası,2,evdeniste,www.evdeniste.com.tr,Bağımsız banyo & yapı mağazası,4112.03,,out_of_stock,,
artema flo s banyo bataryası,Artema Flo S Banyo Bataryası,3,VitrA-Artema Yetkili Servis Vimar Yapı,www.vimaryapi.com.tr,Bağımsız banyo & yapı mağazası,4485.0,,in_stock,,
artema flo s banyo bataryası,Artema Flo S Banyo Bataryası,4,EnarHome,www.enarhome.com,Bağımsız banyo & yapı mağazası,5576.0,,in_stock,,
artema flo s banyo bataryası,Artema Flo S Banyo Bataryası,5,Mekanlılar İnşaat Malzemeleri,www.mekanlilar.com.tr,Bağımsız banyo & yapı mağazası,6005.0,75,in_stock,,
artema flo s banyo bataryası,Artema Flo S Banyo Bataryası,6,BanyoLine,www.banyoline.com,Bağımsız banyo & yapı mağazası,7862.0,,out_of_stock,,
artema flo s banyo bataryası,Artema Flo S Banyo Bataryası,7,Interia Design Store,www.interiadesignstore.com,Bağımsız banyo & yapı mağazası,9696.0,,out_of_stock,,
artema flo s banyo bataryası,Artema Flo S Banyo Bataryası,8,banyome,www.banyome.com,Bağımsız banyo & yapı mağazası,11680.0,,out_of_stock,,
artema flo s banyo bataryası,Artema Flo S Banyo Bataryası,9,Dekoryap Modern Yapı Anonim Şirketi,www.tezgahstudio.com.tr,Bağımsız banyo & yapı mağazası,16669.0,,in_stock,,
artema flo s banyo bataryası,Artema Flo S Banyo Bataryası,10,Banyomarka,www.banyomarka.com,Banyomarka (uzman e-ticaret),19017.0,,in_stock,,
artema flo s banyo bataryası,A41937-Artema Flo S Banyo Bataryası,1,Zanaat Yapı İnş Müh,www.yapievi.com.tr,Bağımsız banyo & yapı mağazası,4663.2,,in_stock,Evet,
artema flo s banyo bataryası,A41937-Artema Flo S Banyo Bataryası,2,Yapı Home,www.yapihome.net,Bağımsız banyo & yapı mağazası,5449.0,,in_stock,,
artema flo s banyo bataryası,A41937-Artema Flo S Banyo Bataryası,3,Afeks Yapı Market,www.afeksyapimarket.com,Bağımsız banyo & yapı mağazası,6199.9,,in_stock,,
artema flo s banyo bataryası,A41937-Artema Flo S Banyo Bataryası,4,Dalda Yapı Market,www.daldayapimarket.com,Bağımsız banyo & yapı mağazası,6336.0,,in_stock,,
artema flo s banyo bataryası,A41937-Artema Flo S Banyo Bataryası,5,Step Karo,www.stepkaro.com,Bağımsız banyo & yapı mağazası,6820.8,,in_stock,,
artema flo s banyo bataryası,A41937-Artema Flo S Banyo Bataryası,6,ciceksepeti.com,www.ciceksepeti.com,Çiçeksepeti,7186.74,,in_stock,,
artema flo s banyo bataryası,A41937-Artema Flo S Banyo Bataryası,7,Banyocity.com,banyocity.com,Bağımsız banyo & yapı mağazası,8033.13,,in_stock,,
artema flo s banyo bataryası,A41937-Artema Flo S Banyo Bataryası,8,banyome,www.banyome.com,Bağımsız banyo & yapı mağazası,8289.0,,in_stock,,
artema flo s banyo bataryası,A41937-Artema Flo S Banyo Bataryası,9,Banyomarka,www.banyomarka.com,Banyomarka (uzman e-ticaret),10953.0,,in_stock,,
artema flo s banyo bataryası,A41937-Artema Flo S Banyo Bataryası,10,projefiyat.com,www.projefiyat.com,Bağımsız banyo & yapı mağazası,12513.8,29,in_stock,,
vitra sento lavabo dolabı,Vitra Sento Lavabo Dolabı,1,Koçtaş,www.koctas.com.tr,Koçtaş,24010.93,44.9,in_stock,Evet,-31.9
vitra sento lavabo dolabı,Vitra Sento Lavabo Dolabı,2,banyome,www.banyome.com,Bağımsız banyo & yapı mağazası,28336.1,,in_stock,,-19.6
vitra sento lavabo dolabı,Vitra Sento Lavabo Dolabı,3,Banyotrendy,banyotrendy.com,Bağımsız banyo & yapı mağazası,33151.0,,in_stock,,-5.9
vitra sento lavabo dolabı,Vitra Sento Lavabo Dolabı,4,VitrA Online,www.vitra.com.tr,VitrA Online (vitra.com.tr),35244.0,,in_stock,,
vitra sento lavabo dolabı,Vitra Sento Lavabo Dolabı,5,Banyomarka,www.banyomarka.com,Banyomarka (uzman e-ticaret),36084.0,,in_stock,,2.4
vitra sento lavabo dolabı,Vitra Sento Lavabo Dolabı,6,Etkin Tasarım,www.etkintasarim.com,Bağımsız banyo & yapı mağazası,36500.0,,in_stock,,3.6
vitra sento lavabo dolabı,Vitra Sento Lavabo Dolabı,7,Banyomarka,www.banyomarka.com,Banyomarka (uzman e-ticaret),39042.0,,in_stock,,10.8
vitra sento lavabo dolabı,Vitra Sento Lavabo Dolabı,8,Yapi Malzemeci,yapimalzemeci.com,Bağımsız banyo & yapı mağazası,41704.0,,in_stock,,18.3
vitra sento lavabo dolabı,Vitra Sento Lavabo Dolabı,9,BanyoLine,www.banyoline.com,Bağımsız banyo & yapı mağazası,42214.18,,in_stock,,19.8
vitra sento lavabo dolabı,Vitra Sento Lavabo Dolabı,10,trendyol.com,www.trendyol.com,Trendyol,42740.99,49.99,in_stock,,21.3
vitra sento lavabo dolabı,Vitra Sento Tek Çekmeceli Lavabo Dolabı,1,BanyoLine,www.banyoline.com,Bağımsız banyo & yapı mağazası,24332.77,,in_stock,Evet,
vitra sento lavabo dolabı,Vitra Sento Tek Çekmeceli Lavabo Dolabı,2,Banyotrendy,banyotrendy.com,Bağımsız banyo & yapı mağazası,30268.1,,in_stock,,
vitra sento lavabo dolabı,Vitra Sento Tek Çekmeceli Lavabo Dolabı,3,Banyotrendy,banyotrendy.com,Bağımsız banyo & yapı mağazası,30268.1,,in_stock,,
vitra sento lavabo dolabı,Vitra Sento Tek Çekmeceli Lavabo Dolabı,4,Banyomarka,www.banyomarka.com,Banyomarka (uzman e-ticaret),32029.0,,in_stock,,
vitra sento lavabo dolabı,Vitra Sento Tek Çekmeceli Lavabo Dolabı,5,Banyomarka,www.banyomarka.com,Banyomarka (uzman e-ticaret),32029.0,,in_stock,,
vitra sento lavabo dolabı,Vitra Sento Tek Çekmeceli Lavabo Dolabı,6,Evdema.com,online.evdema.com,Bağımsız banyo & yapı mağazası,32596.41,,in_stock,,
vitra sento lavabo dolabı,Vitra Sento Tek Çekmeceli Lavabo Dolabı,7,Yapi Malzemeci,yapimalzemeci.com,Bağımsız banyo & yapı mağazası,34714.0,,in_stock,,
vitra sento lavabo dolabı,Vitra Sento Tek Çekmeceli Lavabo Dolabı,8,Evdema.com,online.evdema.com,Bağımsız banyo & yapı mağazası,36290.1,,in_stock,,
vitra sento lavabo dolabı,Vitra Sento Tek Çekmeceli Lavabo Dolabı,9,Yapi Malzemeci,yapimalzemeci.com,Bağımsız banyo & yapı mağazası,38648.0,,in_stock,,
vitra sento lavabo dolabı,Vitra Sento Tek Çekmeceli Lavabo Dolabı,10,BanyoAtelier,banyoatelier.com,Bağımsız banyo & yapı mağazası,47130.0,,in_stock,,
