urun,kod,grup,vitra_com_tr,ty_vitra_magazasi,ty_en_dusuk_3p,ty_satici_adi,hb_buybox,hb_satici,koctas,en_ucuz_kanal,fark_yuzde,seri,vitra_sepette,vitra_sepette_indirim,vitra_stok,vitra_montaj,vitra_taksit,ty_vitra_magazasi_indirimli,ty_en_dusuk_3p_indirimli,ty_3p_medyan,ty_3p_satici_sayisi,ty_listeleme_sayisi,hb_kampanya_fiyati,hb_vitra_magazasi,hb_en_dusuk_diger,hb_en_dusuk_diger_satici,hb_satici_sayisi,hb_listeleme_sayisi,koctas_sepette,koctas_satici,vitra_efektif,ty_en_dusuk_3p_efektif,en_ucuz_kanal_efektif,en_ucuz_efektif_fiyat,fark_efektif_yuzde,koctas_montaj_satin_al,en_ucuz_fiyat,yayilim_yuzde,kanal_sayisi,ty_3p_resmi_altinda,ty_3p_vitracom_altinda,hb_3p_vitracom_altinda,vitra_url,koctas_url
Integra Asma klozet,7041B003-0090,Asma klozet,12027.0,12027.0,11852.59,Evdema,12027.0,VitrA,11852.59,TY 3P (Evdema),1.5,Integra,10824.3,10,stokta,Montaj hizmeti eklenebilir,Tüm ürünlerde vade farksız 6 ay taksit & ücretsiz kargo,9621.6,11852.59,11852.59,1,1,9621.6,12027.0,,,1,1,10667.33,Evdema,10824.3,11852.59,TY VitrA mağazası,9621.6,11.1,True,11852.59,1.5,5,True,True,False,https://www.vitra.com.tr/asma-klozetler/integra-asma-klozet-beyaz-p-7041b003-0090,https://www.koctas.com.tr/vitra-vitra-integra-7041b003-0090-rim-ex-asma-klozet-54-cm-beyaz/p/5000568297
S50 Asma Klozet,5618L003-0850,Asma klozet,8663.0,,9150.0,GOJOVU,10500.0,ÜLKER YAPI MARKET,,vitra.com.tr,0.0,S50,7363.55,15,stokta yok,Montaj hizmeti eklenebilir,Tüm ürünlerde vade farksız 6 ay taksit & ücretsiz kargo,,9150.0,11000.0,6,3,,,13989.0,alyap.alsat,2,2,,,7363.55,9150.0,vitra.com.tr,7363.55,0.0,,8663.0,61.5,4,,False,False,https://www.vitra.com.tr/asma-klozetler/s50-asma-klozet-beyaz-p-5618l003-0850,
Sento Asma Klozet,7748B003-0559,Asma klozet,14767.0,,15967.2,Evdema,36764.5,deryastore,18095,vitra.com.tr,0.0,Sento,12551.95,15,stokta,Montaj hizmeti eklenebilir,Tüm ürünlerde vade farksız 6 ay taksit & ücretsiz kargo,,15967.2,16575.39,5,2,,,,,1,1,,Hace Yapı,12551.95,15967.2,vitra.com.tr,12551.95,0.0,False,14767.0,149.0,4,,False,False,https://www.vitra.com.tr/asma-klozetler/sento-asma-klozet-beyaz-p-7748b003-0559,https://www.koctas.com.tr/vitra-vitra-asma-klozet-sento-rim-ex-kanalsiz-7748b003-0559/p/5002747769
S20 Asma Klozet,5505L003-0868,Asma klozet,6455.0,,7655.4,Evdema,7655.4,Evdema,7655.4,vitra.com.tr,0.0,S20,5809.5,10,stokta yok,Montaj hizmeti eklenebilir,Tüm ürünlerde vade farksız 6 ay taksit & ücretsiz kargo,,7655.4,8627.57,2,1,,,,,1,1,6889.86,Evdema,5809.5,7655.4,vitra.com.tr,5809.5,0.0,False,6455.0,18.6,4,,False,False,https://www.vitra.com.tr/asma-klozetler/s20-asma-klozet-beyaz-p-5505l003-0868,https://www.koctas.com.tr/vitra-vitra-s20-square-asma-klozet-5505l003-0868-kapak-harictir-/p/5000188364
S20 Tezgahaltı Lavabo,5473B003-0618,Lavabo,4913.0,,5813.16,Evdema,4555.0,Seçkin Banyo,5813.16,HB buybox (Seçkin Banyo),7.3,S20 tezgahaltı,4176.05,15,stokta yok,Montaj hizmeti eklenebilir,Tüm ürünlerde vade farksız 6 ay taksit & ücretsiz kargo,,5813.16,5813.16,1,1,,,6817.91,BanyoAtelier,2,2,5231.84,Evdema,4176.05,5813.16,vitra.com.tr,4176.05,0.0,True,4555.0,49.7,5,,False,True,https://www.vitra.com.tr/tezgahalti-lavabolar/s20-tezgahalti-lavabo-beyaz-p-5473b003-0618,https://www.koctas.com.tr/vitra-vitra-s20-tezgahalti-lavabo-38-cm-5473b003-0618/p/5001980632
S20 Lavabo,5501L003-0001,Lavabo,4791.0,,,,5690.52,Evdema,5690.52,vitra.com.tr,0.0,S20,4072.35,15,stokta yok,Montaj hizmeti eklenebilir,Tüm ürünlerde vade farksız 6 ay taksit & ücretsiz kargo,,,,0,0,,,6674.0,BanyoAtelier,2,2,5121.47,Evdema,4072.35,,vitra.com.tr,4072.35,0.0,True,4791.0,39.3,4,,,False,https://www.vitra.com.tr/standart-lavabo-ve-ayaklari/s20-lavabo-beyaz-p-5501l003-0001,https://www.koctas.com.tr/vitra-vitra-s20-lavabo-50-cm-5501l003-0001/p/5002077744
Sento Lavabo Dolabı,60785,Banyo mobilyası (lavabo dolabı),32596.0,32596.0,,,,,32941.27,vitra.com.tr,0.0,Sento,27706.6,15,stokta,Ücretsiz Montaj etiketi,Tüm ürünlerde vade farksız 6 ay taksit & ücretsiz kargo,26076.8,,,0,1,,,,,0,0,28000.08,Banyoline,27706.6,,TY VitrA mağazası,26076.8,5.9,False,32596.0,1.1,3,,,,https://www.vitra.com.tr/lavabo-dahil-lavabo-dolaplari/sento-lavabo-dolabi-mat-beyaz-p-60785,https://www.koctas.com.tr/vitra-vitra-sento-80-cm-mat-beyaz-kapakli-banyo-dolabi-alt-modul-lavabo-60785/p/5000429579
Mia Boy Dolabı,66166,Banyo mobilyası (boy dolabı),9992.0,,,,9992.0,VitrA,14744.89,vitra.com.tr,0.0,Mia,8493.2,15,stokta,Montaj hizmeti eklenebilir,Tüm ürünlerde vade farksız 6 ay taksit & ücretsiz kargo,,,,0,0,7993.6,9992.0,,,1,1,,Banyoatelier,8493.2,,HB buybox,7993.6,5.9,True,9992.0,47.6,3,,,False,https://www.vitra.com.tr/banyo-boy-dolaplari/mia-boy-dolabi-parlak-beyaz-p-66166,https://www.koctas.com.tr/orka-vitra-mia-banyo-boy-dolabi-parlak-beyaz-66166/p/5002584857
Mia Banyo Dolabı Seti,67093,Banyo mobilyası (lavabo dolabı),13881.0,,,,12500.0,Damla Yapıı,20562.9,HB buybox (Damla Yapıı),9.9,Mia,12492.9,10,stokta yok,Montaj hizmeti eklenebilir,Tüm ürünlerde vade farksız 6 ay taksit & ücretsiz kargo,,,,0,0,,,,,1,1,,Banyoatelier,12492.9,,vitra.com.tr,12492.9,0.0,False,12500.0,64.5,3,,,True,https://www.vitra.com.tr/banyo-set-modulleri/mia-banyo-dolabi-seti-altin-mese-p-67093,https://www.koctas.com.tr/vitra-vitra-mia-banyo-dolabi-seti-80cm-cekmeceli-altin-mese-67093/p/5002741327
Mia Banyo Dolabı Seti,75102,Banyo mobilyası (lavabo dolabı),12387.0,,,,13700.0,Hace Yapı Malzemeleri,,vitra.com.tr,0.0,Mia,11148.3,10,stokta yok,Montaj hizmeti eklenebilir,Tüm ürünlerde vade farksız 6 ay taksit & ücretsiz kargo,,,,0,0,,,13625.69,Evdema,2,1,,,11148.3,,vitra.com.tr,11148.3,0.0,,12387.0,10.6,3,,,False,https://www.vitra.com.tr/banyo-set-modulleri/mia-banyo-dolabi-seti-parlak-antrasit-p-75102,
Sento Lavabo Dolabı,60812,Banyo mobilyası (lavabo dolabı),29464.0,,,,,,,vitra.com.tr,0.0,Sento,26517.6,10,stokta yok,Montaj hizmeti eklenebilir,Tüm ürünlerde vade farksız 6 ay taksit & ücretsiz kargo,,,,0,0,,,,,0,0,,,26517.6,,vitra.com.tr,26517.6,0.0,,29464.0,,1,,,,https://www.vitra.com.tr/lavabo-dahil-lavabo-dolaplari/sento-lavabo-dolabi-mat-beyaz-p-60812,
Sento Boy Dolabı,60848,Banyo mobilyası (boy dolabı),27377.0,,,,,,,vitra.com.tr,0.0,Sento,23270.45,15,stokta,Montaj hizmeti eklenebilir,Tüm ürünlerde vade farksız 6 ay taksit & ücretsiz kargo,,,,0,0,,,,,0,0,,,23270.45,,vitra.com.tr,23270.45,0.0,,27377.0,,1,,,,https://www.vitra.com.tr/banyo-boy-dolaplari/sento-boy-dolabi-mat-beyaz-p-60848,
Solid S Lavabo Bataryası,A42484,Armatür (lavabo bataryası),5016.0,,,,3821.33,Hepsiburada,,HB buybox (Hepsiburada),23.8,Artema Solid S,4514.4,10,stokta yok,Montaj hizmeti eklenebilir,Tüm ürünlerde vade farksız 6 ay taksit & ücretsiz kargo,,,,0,0,,,4250.0,ASİL DESIGN,4,2,,,4514.4,,HB buybox,3821.33,15.4,,3821.33,31.3,3,,,True,https://www.vitra.com.tr/tek-armatur-delikli-lavabo-bataryalari/solid-s-lavabo-bataryasi-krom-p-a42484,
Shift T10 Lavabo Bataryası,A43715,Armatür (lavabo bataryası),4707.0,,,,2989.0,Hepsiburada,,HB buybox (Hepsiburada),36.5,Artema Shift T10,4236.3,10,stokta,Montaj hizmeti eklenebilir,Tüm ürünlerde vade farksız 6 ay taksit & ücretsiz kargo,,,,0,0,,,,,1,1,,,4236.3,,HB buybox,2989.0,29.4,,2989.0,57.5,2,,,True,https://www.vitra.com.tr/tek-armatur-delikli-lavabo-bataryalari/shift-t10-lavabo-bataryasi-krom-p-a43715,
Flow Round Lavabo Bataryası,A42923,Armatür (lavabo bataryası),4707.0,,2999.0,ASİL BANYOVİT,3000.0,Cemretesyapi,3998,TY 3P (ASİL BANYOVİT),36.3,Artema Flow Round,4000.95,15,stokta yok,Montaj hizmeti eklenebilir,Tüm ürünlerde vade farksız 6 ay taksit & ücretsiz kargo,,2999.0,4096.0,16,2,,,3000.0,BodrumAkel,5,3,3998,Serhat Yapı,4000.95,2999.0,TY 3P,2999.0,25.0,False,2999.0,57.0,5,,True,True,https://www.vitra.com.tr/tek-armatur-delikli-lavabo-bataryalari/flow-round-lavabo-bataryasi-krom-p-a42923,https://www.koctas.com.tr/vitra-vitra-flow-round-lavabo-bataryasi-a42923/p/5003035907
Flow Round Banyo Bataryası,A43057,Armatür (banyo bataryası),7112.0,,4190.0,ASİL BANYOVİT,4200.0,BodrumAkel,,TY 3P (ASİL BANYOVİT),41.1,Artema Flow Round,6045.2,15,stokta yok,Montaj hizmeti eklenebilir,Tüm ürünlerde vade farksız 6 ay taksit & ücretsiz kargo,,4190.0,6853.0,8,2,,,4500.0,DMR Yapı Market,8,3,,,6045.2,4190.0,TY 3P,4190.0,30.7,,4190.0,69.7,4,,True,True,https://www.vitra.com.tr/duvardan-banyo-bataryalari/flow-round-banyo-bataryasi-krom-p-a43057,
Minimax S Banyo Bataryası,A41994,Armatür (banyo bataryası),5907.0,,4390.0,AL-BA HOME,4490.0,Enuygunfiyat1,4742.71,TY 3P (AL-BA HOME),25.7,Artema Minimax S,5316.3,10,stokta yok,Montaj hizmeti eklenebilir,Tüm ürünlerde vade farksız 6 ay taksit & ücretsiz kargo,,4390.0,5600.0,15,1,,,4500.0,NewBanyo,7,4,4500,Banyoline,5316.3,4390.0,TY 3P,4390.0,17.4,True,4390.0,34.6,5,,True,True,https://www.vitra.com.tr/duvardan-banyo-bataryalari/minimax-s-banyo-bataryasi-krom-p-a41994,https://www.koctas.com.tr/kobos-artema-minimax-s-banyo-bataryasi-a41994/p/5000190223
AquaHeat Termostatik Duş Bataryası,A47055EXPS,Armatür (termostatik batarya),13892.0,,,,9390.0,uygunyapimarket,,HB buybox (uygunyapimarket),32.4,Artema AquaHeat,12502.8,10,stokta,Montaj hizmeti eklenebilir,Tüm ürünlerde vade farksız 6 ay taksit & ücretsiz kargo,,,,0,0,,13892.0,,,2,2,,,12502.8,,HB buybox,9390.0,24.9,,9390.0,47.9,2,,,True,https://www.vitra.com.tr/termostatik-bataryalar/aquaheat-termostatik-dus-bataryasi-krom-p-a47055exps,
Filtreli Ara Musluk,A45200,Armatür (ara musluk),427.0,427.0,311.08,YAPIEVİ,340.0,ASİL DESIGN,,TY 3P (YAPIEVİ),27.1,Artema,362.95,15,stokta,Montaj hizmeti eklenebilir,Tüm ürünlerde vade farksız 6 ay taksit & ücretsiz kargo,333.06,311.08,499.0,15,1,,,349.99,KLC YAPI MALZEMELERİ,6,2,,,362.95,311.08,TY 3P,311.08,14.3,,311.08,37.3,5,True,True,True,https://www.vitra.com.tr/musluk-ve-ara-musluklar/filtreli-ara-musluk-krom-p-a45200,
Filtreli Çamaşır Musluğu,A45228,Armatür (çamaşır musluğu),427.0,427.0,412.38,GEYLANİ DAYANIKLI TÜKETİM MALLARI,360.0,Hepsiburada,,HB buybox (Hepsiburada),15.7,Artema,362.95,15,stokta,Montaj hizmeti eklenebilir,Tüm ürünlerde vade farksız 6 ay taksit & ücretsiz kargo,341.6,412.38,498.0,21,4,,,360.0,DMR Yapı Market,6,2,,,362.95,412.38,TY VitrA mağazası,341.6,5.9,,360.0,18.6,5,True,True,True,https://www.vitra.com.tr/musluk-ve-ara-musluklar/filtreli-camasir-muslugu-krom-p-a45228,
Flow Round Ankastre Banyo Seti,A49321,Duş seti,16578.0,,,,13450.0,Cemretesyapi,,HB buybox (Cemretesyapi),18.9,Artema Flow Round ankastre,14091.3,15,stokta yok,Montaj hizmeti eklenebilir,Tüm ürünlerde vade farksız 6 ay taksit & ücretsiz kargo,,,,0,0,,,14000.0,Ege Dizayn Yapı,4,2,,,14091.3,,HB buybox,13450.0,4.6,,13450.0,23.3,3,,,True,https://www.vitra.com.tr/dus-setleri/flow-round-ankastre-banyo-seti-krom-p-a49321,
V8 Gömme Rezervuar Seti,800-1896,Gömme rezervuar seti,8385.0,,6690.0,AL-BA HOME,5438.64,Hepsiburada,6778.65,HB buybox (Hepsiburada),35.1,V8,,,stokta yok,Montaj hizmeti eklenebilir,Tüm ürünlerde vade farksız 6 ay taksit & ücretsiz kargo,,6690.0,7099.0,7,2,,,6600.0,DECORART,5,2,,Evdeniste,8385.0,6690.0,HB buybox,5438.64,35.1,False,5438.64,54.2,5,,True,True,https://www.vitra.com.tr/gomme-rezervuar-setleri/v8-gomme-rezervuar-seti-p-800-1896,https://www.koctas.com.tr/vitra-vitra-mat-siyah-8-cm-gomme-rezervuar-seti-800-1896/p/5002014782
V8 Gömme Rezervuar Seti,800-2025,Gömme rezervuar seti,11042.0,,,,,,9000,Koçtaş,18.5,V8,,,stokta yok,Montaj hizmeti eklenebilir,Tüm ürünlerde vade farksız 6 ay taksit & ücretsiz kargo,,,,0,0,,,,,0,0,,Newbanyo,11042.0,,Koçtaş,9000,18.5,False,9000,22.7,2,,,,https://www.vitra.com.tr/gomme-rezervuar-setleri/v8-gomme-rezervuar-seti-p-800-2025,https://www.koctas.com.tr/artema-vitra-gr-set-768-1851tp740-2240a4145829a41441-800-2025-gomme-set-soft-bakir/p/5001431803
V-Fix Prime 8cm Asma Klozetler için Gömme Rezervuar,768-1851-01,Gömme rezervuar seti,5730.0,5730.0,4923.94,YAPIEVİ,5730.0,VitrA,5605,TY 3P (YAPIEVİ),14.1,V-Fix Prime 8 cm,5157.0,10,stokta,Montaj hizmeti eklenebilir,Tüm ürünlerde vade farksız 6 ay taksit & ücretsiz kargo,5730.0,4923.94,6000.0,8,2,5157,5730.0,5171.0,Banyome,3,2,5044.5,Banyome,5157.0,4923.94,TY 3P,4923.94,4.5,False,4923.94,16.4,6,True,True,True,https://www.vitra.com.tr/asma-klozetler-icin-gomme-rezervuarlar/v-fix-prime-8cm-asma-klozetler-icin-gomme-rezervuar-p-768-1851-01,https://www.koctas.com.tr/vitra-vitra-v8-asma-klozetler-icin-gomme-rezervuar-768-1851-01/p/5000623346
Universal Klozet Kapağı,121-003-909,Klozet kapağı,1720.0,,1650.0,DEMİRHANLAR YAPI,1426.63,Hepsiburada,1764.5,HB buybox (Hepsiburada),17.1,Universal,1462.0,15,stokta,Montaj hizmeti eklenebilir,Tüm ürünlerde vade farksız 6 ay taksit & ücretsiz kargo,,1650.0,1689.0,5,2,1326.63,,1645.0,batarya market,5,2,,Evdeniste,1462.0,1650.0,HB buybox,1326.63,9.3,False,1426.63,23.7,5,,True,True,https://www.vitra.com.tr/klozet-kapaklari/universal-klozet-kapagi-beyaz-p-121-003-909,https://www.koctas.com.tr/vitra-vitra-universal-2-nuvoplast-soft-klozet-kapagi-121-003-909/p/5000219070
Universal Klozet Kapağı,109-003-909,Klozet kapağı,1720.0,1720.0,1190.0,ASİL BANYOVİT,1209.92,Hepsiburada,1799,TY 3P (ASİL BANYOVİT),30.8,Universal / S20,1462.0,15,stokta,Montaj hizmeti eklenebilir,Tüm ürünlerde vade farksız 6 ay taksit & ücretsiz kargo,1376.0,1190.0,1699.0,6,2,1109.92,,1199.0,Cemretesyapi,7,3,,Bataryamarket,1462.0,1190.0,HB buybox,1109.92,24.1,True,1190.0,51.2,6,True,True,True,https://www.vitra.com.tr/klozet-kapaklari/universal-klozet-kapagi-beyaz-p-109-003-909,https://www.koctas.com.tr/vitra-vitra-arkitekt-ses-yok-kapak-model-2-opal-yavas-kapanir-nuvoplast-109-003-909/p/5002747747
Universal Klozet Kapağı,84-003-009,Klozet kapağı,2612.0,,2219.0,ASİL BANYOVİT,1900.92,GEYLANİ DAYANIKLI TÜKETİM,,HB buybox (GEYLANİ DAYANIKLI TÜKETİM),27.2,Universal,2220.2,15,stokta,Montaj hizmeti eklenebilir,Tüm ürünlerde vade farksız 6 ay taksit & ücretsiz kargo,,2219.0,2740.0,4,2,,2612.0,2240.0,ODRYS,6,2,,,2220.2,2219.0,HB buybox,1900.92,14.4,,1900.92,37.4,4,,True,True,https://www.vitra.com.tr/klozet-kapaklari/universal-klozet-kapagi-beyaz-p-84-003-009,
İç Takım,330B1314,İç takım,896.0,896.0,810.0,K KAHVECİLER YAPI MARKET,675.0,Hepsiburada,961.5,HB buybox (Hepsiburada),24.7,Rezervuar iç takımı,761.6,15,stokta,Montaj hizmeti eklenebilir,Tüm ürünlerde vade farksız 6 ay taksit & ücretsiz kargo,689.92,810.0,1072.0,12,4,575,,896.28,Evdema,3,1,961.5,Evdeniste,761.6,810.0,HB buybox,575,24.5,False,675.0,42.4,6,True,True,False,https://www.vitra.com.tr/rezervuar-ve-klozet-ic-takimlari/ic-takim-p-330b1314,https://www.koctas.com.tr/vitra-vitra-klozet-ic-takimi-tek-basmali-rezervuar-ic-takimi-330b-1314/p/5000219065
Zentrum Takım Klozet,7783L003-0092,Klozet (takım),8813.0,,,,,,,vitra.com.tr,0.0,Zentrum,7931.7,10,stokta yok,Montaj hizmeti eklenebilir,Tüm ürünlerde vade farksız 6 ay taksit & ücretsiz kargo,,,,0,0,,,,,0,0,,,7931.7,,vitra.com.tr,7931.7,0.0,,8813.0,,1,,,,https://www.vitra.com.tr/takim-klozetler/zentrum-takim-klozet-beyaz-p-7783l003-0092,
