keyword	volume	best_position	best_position_url
idevit klozet	500	2	https://www.idevit.com.tr/products-list/klozetler,3
idevit klozet kapağı	300	3	https://www.idevit.com.tr/products-list/kapaklar,37
idevit	250	1	https://www.idevit.com.tr/
idevit klozet kapağı menteşesi	70	7	https://www.idevit.com.tr/products-list/tamamlayiciurun/kapaklar,37
idevit klozet fiyatları	50	3	https://www.idevit.com.tr/products-list/klozetler/duvara-s%C4%B1f%C4%B1r-klozetler,4
idevit gömme rezervuar iç takımı	40	1	https://www.idevit.com.tr/products-list/tamamlayiciurun/gomme-rezervuar,39
idevit lavabo fiyatları	40	3	https://www.idevit.com.tr/products-list/Lavabolar,5
idevit lavabo	30	1	https://www.idevit.com.tr/products-list/Lavabolar,5
idevit seramik	10	1	https://www.idevit.com.tr/
idevit nova duvara sıfır klozet	10	1	https://www.idevit.com.tr/product-detail/Nova/nova-duvara-sifir-klozet-60cm,125
idevit alfa asma klozet	10	1	https://www.idevit.com.tr/product-detail/Alfa/alfa-asma-klozet,73
idevit nova klozet	10	1	https://www.idevit.com.tr/products-list/koleksiyonlar/Nova,10
idevit asma klozet	10	1	https://www.idevit.com.tr/product-detail/Nova/nova-asma-klozet,128
idevit duvara sıfır klozet	10	2	https://www.idevit.com.tr/product-detail/Nova/nova-duvara-sifir-klozet-60cm,125
